市,区,lat,lng
惠州市,惠阳区,31.907812,120.627279
苏州市,张家港市,22.874748,114.474566
威海市,经济技术开发区,23.166129,113.385643
广州市,天河区,30.187588,120.19237
杭州市,滨江区,30.232358,120.180126
杭州市,上城区,38.955462,121.5285
苏州市,工业园区,22.657462,114.347696
济南市,高新区,24.521974,118.144676
厦门市,湖里区,39.821463,98.208045
大连市,甘井子区,36.695101,117.305583
深圳市,龙岗区,31.480333,120.438242
嘉峪关市,市辖区,39.958953,116.521695
无锡市,新区,23.294514,113.331306
杭州市,临安市,30.207684,119.350295
北京市,朝阳区,32.39567,119.486678
广州市,白云区,23.346745,113.767687
扬州市,广陵区,32.791443,120.563769
盐城市,东台市,30.344732,120.158845
广州市,增城市,37.424891,117.981211
惠州市,惠城区,23.163063,114.485898
滨州市,滨城区,39.124809,117.202814
杭州市,拱墅区,30.735622,104.061377
天津市,和平区,36.612688,117.190818
上海市,长宁区,39.809815,116.740079
成都市,金牛区,38.117219,114.453501
石家庄市,新华区,21.518621,109.165344
济南市,历城区,29.816264,106.753799
北京市,通州区,31.672903,119.943432
重庆市,渝北区,36.956593,117.670806
北海市,海城区,31.169152,121.446235
滨州市,邹平县,26.618899,118.87954
常州市,武进区,22.934591,113.4168
上海市,徐汇区,22.689958,114.348833
广州市,番禺区,30.543623,114.433896
宁德市,古田县,30.172894,120.389081
深圳市,坪山新区,31.798511,119.912439
常州市,钟楼区,30.001094,119.846692
武汉市,洪山区,40.221724,116.216456
杭州市,萧山区,31.711627,118.578348
杭州市,富阳市,28.400554,121.421046
成都市,高新区,31.450775,120.646853
马鞍山市,花山区,30.59262,104.038766
苏州市,相城区,42.096104,86.076068
北京市,昌平区,30.649047,113.12623
台州市,温岭市,30.252484,114.367082
巴音郭楞蒙古自治州,焉耆回族自治县,31.213301,121.387616
汕头市,潮南区,23.181395,116.414056
武汉市,江夏区,30.310288,120.186535
天门市,天门市,39.938574,116.421885
杭州市,下城区,32.067099,121.072494
嘉兴市,海宁市,30.442177,120.618727
北京市,东城区,32.835944,119.503407
南通市,通州区,31.669446,120.831486
扬州市,高邮市,35.771934,115.048097
濮阳市,华龙区,23.108712,113.492885
苏州市,常熟市,40.033162,116.239678
广州市,黄埔区,45.666123,126.590255
北京市,海淀区,23.069003,113.893502
黄石市,下陆区,30.195818,114.992987
哈尔滨市,南岗区,23.087629,113.333841
广州市,海珠区,32.330075,119.925744
东莞市,茶山镇,27.829231,120.46834
泰州市,高港区,37.894693,112.402857
温州市,瑞安市,33.912392,111.617014
太原市,万柏林区,38.908291,121.295936
洛阳市,栾川县,31.093538,121.425024
大连市,旅顺口区,30.606302,104.124269
上海市,闵行区,24.905745,118.568455
泉州市,鲤城区,30.56486,114.353622
武汉市,武昌区,33.630876,114.65795
成都市,锦江区,23.093666,113.234423
周口市,川汇区,30.38812,119.998089
杭州市,余杭区,36.284247,120.346326
广州市,荔湾区,31.32643,120.614279
苏州市,姑苏区,30.315832,120.303823
青岛市,城阳区,34.221415,108.93879
杭州市,江干区,30.207036,120.088993
西安市,雁塔区,30.656091,114.332868
杭州市,西湖区,23.103323,112.477794
武汉市,江岸区,36.100058,120.378495
肇庆市,端州区,28.261839,121.016175
青岛市,市北区,31.328937,120.965808
韶关市,南雄市,40.154951,116.728229
温州市,乐清市,31.351869,120.478424
苏州市,昆山市,31.282497,121.491919
北京市,顺义区,39.265088,116.040934
苏州市,虎丘区,31.398623,121.409041
上海市,虹口区,30.685102,103.988429
成都市,青羊区,28.692375,115.910148
上海市,宝山区,29.284103,119.533338
保定市,高碑店市,34.273192,108.915547
南昌市,东湖区,24.267311,115.7533
金华市,兰溪市,36.631636,101.727603
西安市,莲湖区,23.139278,113.287833
西宁市,城西区,26.097871,119.290633
梅州市,兴宁市,36.313395,117.645913
广州市,越秀区,28.657326,115.898948
福州市,鼓楼区,30.69504,104.150032
莱芜市,莱城区,32.553985,120.473927
南昌市,西湖区,36.072517,120.376184
成都市,成华区,39.170621,117.162217
南通市,海安县,32.007969,118.817221
青岛市,市南区,23.399888,116.651794
天津市,红桥区,33.771546,113.208082
汕头市,金平区,23.256272,113.522574
南京市,秦淮区,25.189905,114.386583
平顶山市,新华区,37.457437,116.332912
广州市,萝岗区,20.796584,110.012636
德州市,德城区,31.837425,120.310679
无锡市,江阴市,31.30451,121.535717
湛江市,雷州市,29.314474,121.463624
宁波市,宁海县,24.575089,117.633366
上海市,杨浦区,22.558888,113.950723
漳州市,芗城区,40.658057,109.806834
深圳市,南山区,32.42583,119.458264
包头市,昆都仑区,23.078265,113.041381
扬州市,邗江区,38.821877,115.484784
佛山市,南海区,22.545178,113.42206
保定市,南市区,29.306444,120.067296
中山市,中山市,34.225611,108.892778
金华市,义乌市,22.81845,113.681887
西安市,高新区,39.93428,116.37319
东莞市,虎门镇,39.139605,117.414782
北京市,西城区,31.230895,121.638481
天津市,东丽区,22.795308,113.769983
东莞市,长安镇,28.98454,119.517572
上海市,浦东新区,36.691227,119.196972
金华市,婺城区,31.364338,121.251014
茂名市,信宜市,31.130862,121.091425
潍坊市,奎文区,36.659339,117.101586
上海市,嘉定区,39.059177,117.646286
上海市,青浦区,26.182432,119.122383
济南市,历下区,30.808545,120.088919
天津市,滨海新区,31.790724,117.353913
湖州市,吴兴区,29.272155,117.1862
福州市,闽侯县,22.431974,111.125429
合肥市,包河区,29.966392,121.493299
宁波市,江北区,34.689694,112.407126
景德镇市,昌江区,30.610951,114.266384
武汉市,江汉区,31.288044,121.457769
洛阳市,西工区,26.221752,119.314923
上海市,闸北区,31.129835,112.087311
北京市,丰台区,39.841938,116.25837
福州市,晋安区,24.855409,102.884283
荆门市,东宝区,28.144471,112.996195
昆明市,呈贡区,28.317143,109.770926
长沙市,天心区,32.169424,118.963725
湘西土家族苗族自治州,吉首市,30.5235,105.621528
南京市,栖霞区,39.938867,116.184556
遂宁市,船山区,37.514375,122.094687
北京市,石景山区,22.581934,114.156395
深圳市,罗湖区,29.875392,121.598001
威海市,高区,22.707433,113.930013
宁波市,江东区,36.184511,113.123169
深圳市,宝安区,38.308375,116.893059
长治市,城区,30.396103,112.099857
沧州市,新华区,26.150594,118.253868
三明市,尤溪县,41.372796,120.305061
荆州市,荆州区,32.153953,111.928528
朝阳市,朝阳县,22.551731,114.055593
襄阳市,樊城区,36.584026,116.979435
深圳市,福田区,34.799632,113.587683
济南市,市中区,29.237427,120.380818
郑州市,高新区,31.263743,121.398443
大连市,大连开发区,38.900436,121.677966
金华市,东阳市,31.912901,117.247835
上海市,普陀区,28.705506,115.878905
合肥市,庐阳区,33.187204,107.046167
南昌市,昌北区,29.750168,111.707703
大连市,中山区,41.798305,123.453552
汉中市,汉台区,28.998535,118.813003
芜湖市,无为县,31.222494,117.820052
沈阳市,沈河区,31.021245,121.226791
衢州市,柯城区,35.924382,115.161201
常德市,澧县,30.839642,103.884625
上海市,松江区,35.241712,113.230804
濮阳市,清丰县,27.434436,120.445543
温州市,苍南县,30.716358,120.844535
焦作市,解放区,39.092843,121.828647
成都市,郫县,29.995449,121.61663
嘉兴市,南湖区,29.968789,120.572451
宁波市,镇海区,30.612882,104.04124
烟台市,莱州市,37.190401,120.001344
绍兴市,绍兴县,28.146444,113.020201
成都市,武侯区,39.65279,116.425195
长沙市,雨花区,28.067865,120.565799
北京市,大兴区,29.303231,117.234119
景德镇市,珠山区,28.33639,120.668809
温州市,鹿城区,29.035351,106.269282
温州市,永嘉县,29.996457,121.152779
重庆市,江津区,41.805724,123.35863
宁波市,余姚市,27.224829,120.198307
武汉市,蔡甸区,30.456184,113.972065
宁德市,福鼎市,33.988335,116.728962
沈阳市,铁西区,36.054008,103.851571
西安市,长安区,34.066899,108.874256
淮北市,相山区,28.497223,118.050578
兰州市,城关区,28.636601,115.921954
上饶市,信州区,43.998252,125.344899
南昌市,青云谱区,29.630548,106.374805
长春市,宽城区,24.53619,117.983956
重庆市,沙坪坝区,42.04385,123.51869
厦门市,海沧区,26.307449,117.630501
沈阳市,沈北新区,29.487115,119.379533
三明市,梅列区,39.612987,118.20604
杭州市,建德市,38.386407,109.642692
唐山市,路南区,34.709004,113.721861
榆林市,榆阳区,23.69111,117.425416
郑州市,管城回族区,32.012518,118.713342
南京市,建邺区,28.548659,121.450242
漳州市,东山县,38.076875,114.592622
石家庄市,长安区,32.526452,120.090816
台州市,路桥区,35.615761,117.03179
泰州市,姜堰市,39.084494,117.236165
济宁市,曲阜市,42.248295,123.858516
天津市,河西区,43.78386,87.632903
铁岭市,银州区,22.660133,113.06077
江门市,蓬江区,31.960263,119.644304
乌鲁木齐市,天山区,22.84851,113.18703
镇江市,丹阳市,25.26467,110.356588
佛山市,顺德区,38.465839,115.057407
保定市,定州市,27.427583,103.607277
桂林市,七星区,29.785459,121.537835
宁波市,鄞州区,31.863971,118.835418
昭通市,昭阳区,34.892715,116.992409
南京市,江宁区,28.857389,121.221919
济宁市,微山县,38.183286,114.95114
台州市,临海市,39.789909,118.05949
石家庄市,无极县,36.005019,120.169541
青岛市,黄岛区,22.388215,113.034751
唐山市,丰润区,31.597341,120.328903
无锡市,崇安区,29.378028,106.758274
江门市,新会区,41.786474,123.414332
重庆市,巴南区,30.777679,120.691907
沈阳市,和平区,22.675317,112.801618
嘉兴市,秀洲区,29.6994,120.281434
江门市,鹤山市,21.764842,108.02974
绍兴市,诸暨市,39.938574,116.421885
临沂市,兰山区,35.380135,116.572199
防城港市,防城区,37.399344,122.152075
东莞市,东城区,32.201996,119.584822
济宁市,任城区,40.215925,117.150433
威海市,环翠区,29.526266,119.910488
镇江市,京口区,30.547265,114.217592
金华市,浦江县,39.035065,117.126201
北京市,平谷区,31.615587,120.491008
无锡市,锡山区,29.55767,114.615246
天津市,西青区,34.797406,113.708011
武汉市,汉阳区,43.689109,125.278226
咸宁市,通山县,30.839504,104.116583
郑州市,金水区,46.079315,126.787757
长春市,朝阳区,39.967428,117.021284
哈尔滨市,呼兰区,32.071766,118.848937
成都市,新都区,33.745462,120.279505
廊坊市,三河市,42.523754,122.474173
南京市,玄武区,34.255485,108.966259
盐城市,射阳县,31.954552,118.721979
阜新市,彰武县,27.670445,106.922651
西安市,碑林区,26.886509,112.555047
南京市,雨花台区,29.97804,120.889432
遵义市,红花岗区,35.174845,118.312243
衡阳市,蒸湘区,43.732191,125.419649
绍兴市,上虞市,39.116987,117.162728
长春市,南关区,45.813494,130.893188
天津市,南开区,29.876801,121.535395
七台河市,新兴区,29.367743,113.15537
岳阳市,岳阳楼区,39.615544,117.411421
天津市,宝坻区,32.934703,112.613908
宁波市,海曙区,28.260219,113.02473
南阳市,宛城区,25.468258,118.704626
长沙市,开福区,41.843551,123.242847
吉林市,昌邑区,44.023898,126.326513
莆田市,仙游县,30.786572,103.929532
成都市,高新西区,39.259131,117.180606
沈阳市,于洪区,28.41158,119.441013
天津市,北辰区,24.919162,113.57745
舟山市,定海区,41.155831,121.969629
丽水市,松阳县,30.064847,122.073024
韶关市,浈江区,41.835279,123.498927
盘锦市,兴隆台区,30.495371,114.174946
武汉市,武汉经济技术开发区,28.203811,113.020969
沈阳市,大东区,37.344146,120.400517
南宁市,西乡塘区,22.912937,108.215442
湖州市,德清县,30.567583,120.049831
六安市,舒城县,30.728613,104.615371
长沙市,芙蓉区,31.17987,120.365776
成都市,金堂县,39.381561,117.689424
烟台市,招远市,28.002514,115.421346
苏州市,吴中区,37.520933,121.364156
洛阳市,涧西区,34.671668,112.390753
天津市,宁河县,41.13438,121.182665
烟台市,芝罘区,31.941432,114.843162
宜春市,樟树市,37.408666,118.612643
锦州市,凌河区,43.898324,87.549219
信阳市,光山县,22.2656,113.533731
东营市,东营区,22.557213,110.064534
乌鲁木齐市,新市区,34.698066,113.616482
珠海市,香洲区,34.80618,113.351802
玉林市,玉州区,19.942909,110.507269
郑州市,二七区,28.997079,119.198664
海口市,美兰区,25.274019,102.767556
衢州市,龙游县,32.66246,116.265314
郑州市,荥阳市,34.354285,108.683415
昆明市,盘龙区,23.693604,114.654484
阜阳市,颍上县,41.164173,123.040474
咸阳市,秦都区,26.344269,114.370589
鞍山市,立山区,31.659719,118.554558
河源市,源城区,31.310003,116.828559
吉安市,遂川县,38.302139,116.862714
马鞍山市,雨山区,31.320265,104.53541
沧州市,沧县,30.766831,120.309147
德阳市,罗江县,39.726753,115.862836
湖州市,南浔区,32.488258,119.921174
昆明市,五华区,31.542866,120.315798
北京市,房山区,25.261306,102.649377
泰州市,海陵区,34.703799,113.03959
无锡市,南长区,24.668806,117.293055
郑州市,巩义市,34.638792,112.467093
昆明市,西山区,28.234472,113.721985
漳州市,南靖县,24.468728,118.134535
洛阳市,洛龙区,31.503024,118.646673
长沙市,浏阳市,31.777803,120.001766
厦门市,思明区,22.111413,100.927318
马鞍山市,当涂县,32.961954,119.996418
西双版纳傣族自治州,景洪市,41.118235,123.020706
泰州市,兴化市,24.98363,102.603478
常州市,天宁区,24.364782,116.171027
鞍山市,铁东区,25.244442,113.246956
梅州市,梅县,29.628545,115.459686
韶关市,乐昌市,33.265898,119.968501
九江市,瑞昌市,47.301073,123.944838
盐城市,盐都区,30.319416,122.260359
齐齐哈尔市,龙沙区,30.603891,114.219757
舟山市,岱山县,38.014621,114.586383
武汉市,硚口区,30.716529,121.105839
衡阳市,常宁市,26.365629,112.435504
石家庄市,裕华区,31.609369,120.282126
嘉兴市,平湖市,22.645991,114.017657
无锡市,北塘区,28.620772,116.071261
深圳市,龙华新区,27.924732,116.362974
三明市,三元区,26.173967,117.516896
抚州市,临川区,32.926343,117.478326
南昌市,南昌县,38.861262,116.972772
蚌埠市,龙子湖区,38.91337,121.625823
天津市,静海县,22.924531,108.417621
大连市,西岗区,29.356215,116.342048
南通市,崇川区,31.962661,120.887599
南宁市,兴宁区,36.195587,120.584906
九江市,都昌县,37.191354,118.225715
滨州市,博兴县,47.404866,124.021279
青岛市,崂山区,36.131582,120.376979
齐齐哈尔市,建华区,41.279286,123.175163
上海市,奉贤区,30.915122,121.560642
辽阳市,白塔区,30.105224,111.696205
青岛市,四方区,28.202707,112.908699
荆州市,松滋市,30.730255,103.816468
长沙市,岳麓区,29.151779,120.985563
成都市,温江区,27.863377,102.117888
台州市,天台县,30.612341,120.490411
凉山彝族自治州,西昌市,23.84957,100.139908
重庆市,南岸区,30.189257,121.338408
嘉兴市,桐乡市,29.541515,106.667178
宁波市,慈溪市,45.29271,124.867571
临沧市,临翔区,33.769108,113.365388
松原市,宁江区,37.753528,112.577409
平顶山市,卫东区,37.128686,122.406926
丹东市,振安区,40.211547,124.292197
太原市,小店区,51.81313,124.912002
威海市,荣成市,24.772706,114.731825
大兴安岭地区,呼玛县,37.724218,115.666657
赣州市,龙南县,32.605602,110.785953
衡水市,桃城区,23.625856,113.114585
清远市,清城区,27.941584,113.163511
株洲市,石峰区,30.518802,114.949569
十堰市,茅箭区,23.00421,113.070423
佛山市,禅城区,22.903546,113.832934
黄冈市,黄州区,32.039443,120.276899
东莞市,大岭山镇,31.656376,120.215294
荆州市,沙市区,36.192897,120.431146
泰州市,靖江市,30.325723,112.424109
无锡市,惠山区,28.700849,115.930906
南昌市,青山湖区,31.466579,120.248502
青岛市,李沧区,29.000021,114.446192
无锡市,滨湖区,26.603525,106.717914
九江市,修水县,25.037571,103.707386
贵阳市,云岩区,30.905748,120.908873
太原市,晋源区,37.748675,112.481587
嘉兴市,嘉善县,19.905351,110.335224
曲靖市,陆良县,32.068604,118.765057
海口市,龙华区,33.544347,117.890359
宿州市,泗县,38.054936,114.816476
南京市,鼓楼区,45.5901,126.682273
石家庄市,藁城市,36.778078,116.983157
哈尔滨市,平房区,36.016658,119.41617
济南市,天桥区,27.234509,109.168741
潍坊市,诸城市,40.766142,124.934106
南平市,建瓯市,28.322759,113.224946
长沙市,长沙县,27.044914,118.485147
怀化市,新晃侗族自治县,23.532997,116.814808
南宁市,青秀区,22.829218,108.54168
丹东市,宽甸满族自治县,29.717849,116.002768
汕头市,澄海区,46.72916,124.838427
九江市,浔阳区,21.762804,111.930036
大庆市,让胡路区,23.446661,113.220176
阳江市,江城区,29.378771,121.858666
宁波市,象山县,39.298619,121.956582
广州市,花都区,41.220764,123.220518
大连市,金州区,34.331331,108.926462
辽阳市,宏伟区,30.254453,103.865691
西安市,未央区,34.200308,113.392694
郑州市,惠济区,22.49891,108.370449
眉山市,彭山县,34.869447,113.628341
南宁市,良庆区,30.796354,104.34643
许昌市,禹州市,46.826706,130.362955
成都市,青白江区,31.596963,119.039927
佳木斯市,向阳区,21.204847,110.385196
南京市,溧水县,26.019664,119.334936
衡阳市,珠晖区,26.882225,112.68849
湛江市,霞山区,46.663311,125.042452
福州市,仓山区,31.435735,104.670514
大庆市,萨尔图区,30.603368,104.301181
绵阳市,涪城区,40.009614,117.441159
成都市,龙泉驿区,36.701982,119.034305
新乡市,封丘县,25.914933,111.716294
天津市,蓟县,27.972177,120.558404
潍坊市,潍城区,34.369072,115.914225
永州市,双牌县,35.040384,114.487678
商丘市,虞城县,35.33889,113.896722
温州市,瓯海区,31.235381,121.454756
重庆市,九龙坡区,28.657016,121.467376
新乡市,牧野区,33.664059,118.935664
上海市,静安区,28.604655,121.088318
淮安市,淮阴区,26.590232,116.012116
台州市,椒江区,46.535568,125.141767
台州市,黄岩区,32.030369,118.829884
大庆市,龙凤区,41.7055,85.709418
赣州市,宁都县,35.992495,103.771994
南京市,白下区,36.365389,118.558256
巴音郭楞蒙古自治州,库尔勒市,30.526043,120.885576
泰州市,泰兴市,45.883168,131.475224
兰州市,七里河区,32.213679,120.135346
嘉兴市,海盐县,37.407696,112.736433
潍坊市,临朐县,42.277909,127.623938
七台河市,茄子河区,22.034639,112.715908
晋中市,太谷县,32.814464,108.896243
江门市,台山市,24.29075,116.115952
安康市,汉滨区,29.474442,111.90685
大连市,高新园区,29.868332,121.889419
白山市,抚松县,24.108073,110.976908
泸州市,纳溪区,28.614041,105.390606
黄石市,黄石港区,30.233765,115.073159
梅州市,梅江区,31.227203,121.496072
常德市,津市市,33.226193,115.398643
宁波市,北仑区,34.154014,118.85775
贺州市,昭平县,31.000093,120.65735
上海市,黄浦区,23.022384,114.097261
苏州市,吴江区,28.364109,118.277125
阜阳市,界首市,30.002365,120.592467
上饶市,广丰县,31.362245,119.790265
东莞市,桥头镇,23.494712,115.916825
宿迁市,沭阳县,25.919433,117.328535
无锡市,宜兴市,34.271474,108.991539
绍兴市,绍兴市区,38.090279,116.389236
揭阳市,揭西县,39.345312,116.796123
新乡市,长垣县,43.788917,125.430153
三明市,永安市,22.979369,114.024589
西安市,新城区,23.057083,113.58838
沧州市,泊头市,23.096486,113.658906
廊坊市,安次区,41.240401,123.692575
长春市,净月开发区,32.66384,110.717401
东莞市,常平镇,45.131092,125.564563
东莞市,麻涌镇,35.283537,115.470025
东莞市,中堂镇,35.695398,111.839209
十堰市,张湾区,30.59925,106.758912
本溪市,平山区,25.031311,102.828819
松原市,扶余县,24.744894,118.692481
临汾市,翼城县,24.309336,111.688352
广安市,广安区,38.314446,116.844854
菏泽市,牡丹区,35.093893,112.40383
昆明市,官渡区,40.971406,117.948355
贺州市,八步区,26.062154,119.324063
泉州市,石狮市,27.748135,118.011543
沧州市,运河区,41.848913,123.415376
承德市,双桥区,28.941983,118.939044
济源市,济源市,36.106472,103.56268
南平市,武夷山市,24.936275,118.607432
福州市,台江区,23.294581,112.904677
沈阳市,皇姑区,34.406832,119.392775
兰州市,西固区,32.392636,119.200955
衢州市,衢江区,38.033365,114.43814
泉州市,丰泽区,38.437832,112.6052
连云港市,灌云县,25.287138,110.274549
佛山市,三水区,39.793571,113.112305
扬州市,仪征市,41.71161,123.444034
忻州市,忻府区,24.640973,118.029412
石家庄市,桥西区,27.839383,114.290358
桂林市,秀峰区,41.061329,123.014005
朔州市,怀仁县,30.427866,103.832177
厦门市,集美区,40.929361,111.791327
沈阳市,浑南新区,36.816097,118.077151
宜春市,袁州区,37.915556,112.629836
鞍山市,千山区,31.673335,112.372745
呼和浩特市,新城区,35.032,108.8355
成都市,新津县,41.791642,126.396643
太原市,杏花岭区,34.771778,111.281295
淄博市,张店区,31.631258,116.661941
白山市,浑江区,22.811576,114.084428
襄阳市,宜城市,42.913197,125.210998
铜川市,耀州区,33.488908,119.836497
三门峡市,湖滨区,41.13683,121.118645
六安市,金安区,44.587975,129.783915
玉溪市,红塔区,24.369854,102.499895
东莞市,塘厦镇,45.710449,126.792044
辽源市,龙山区,36.78855,119.951062
锦州市,太和区,22.743001,113.99504
盐城市,建湖县,34.751029,114.38561
牡丹江市,阳明区,40.837646,114.861623
青岛市,平度市,31.905375,117.331224
哈尔滨市,香坊区,38.921778,121.582618
深圳市,光明新区,20.429968,110.257847
张家口市,桥西区,25.395599,118.140971
开封市,禹王台区,31.179805,104.415258
泉州市,永春县,39.818843,117.734753
合肥市,瑶海区,27.160925,114.960437
大连市,沙河口区,30.293966,113.387448
湛江市,徐闻县,45.799106,126.795575
德阳市,旌阳区,31.838185,117.23128
唐山市,玉田县,29.555236,106.546967
吉安市,吉州区,47.706873,125.294633
仙桃市,仙桃市,28.751865,105.9316
齐齐哈尔市,依安县,29.866596,106.520342
哈尔滨市,道外区,21.28382,110.512726
合肥市,蜀山区,29.742561,113.889168
重庆市,渝中区,22.604089,114.480919
抚顺市,顺城区,28.663533,105.128778
泸州市,合江县,31.93536,112.017083
重庆市,北碚区,34.30141,117.296129
湛江市,坡头区,26.984977,111.332372
咸宁市,赤壁市,30.985286,114.364644
襄阳市,襄城区,34.20853,116.812422
深圳市,大鹏新区,44.491714,129.584924
宜宾市,江安县,36.487909,120.521106
徐州市,鼓楼区,24.944908,103.192815
邵阳市,邵阳县,33.488642,119.025325
武汉市,黄陂区,40.932018,107.44184
宿州市,萧县,34.222487,117.276176
牡丹江市,西安区,38.478591,106.24265
青岛市,即墨市,35.24116,113.276351
淮安市,清浦区,36.771219,117.875108
昆明市,宜良县,32.889696,117.305515
巴彦淖尔市,临河区,37.272446,121.56924
徐州市,云龙区,29.85465,114.391867
银川市,金凤区,40.532843,117.001201
淄博市,周村区,30.803888,114.762085
焦作市,山阳区,32.262396,116.768939
蚌埠市,禹会区,22.606981,114.278483
烟台市,牟平区,38.464266,106.382121
咸宁市,咸安区,41.860404,123.785996
北京市,密云县,24.781705,118.114685
银川市,兴庆区,25.427592,119.074103
武汉市,新洲区,34.241947,117.175584
六安市,寿县,30.459478,104.040899
深圳市,盐田区,29.619318,106.713615
抚顺市,望花区,28.703758,115.864805
厦门市,同安区,34.656801,119.260574
莆田市,荔城区,41.347752,123.901737
徐州市,泉山区,29.551645,104.953979
成都市,双流县,30.835081,121.248408
连云港市,新浦区,31.148577,103.889866
重庆市,江北区,30.958553,109.355667
南昌市,红谷滩新区,37.865737,112.663203
内江市,市中区,37.571627,121.199617
本溪市,明山区,31.785303,106.739266
上海市,金山区,38.969791,117.39291
成都市,彭州市,37.032806,117.150021
重庆市,奉节县,27.637701,120.389387
烟台市,烟台开发区,30.944617,114.016142
巴中市,巴州区,37.670007,118.814423
太原市,迎泽区,31.571904,121.158978
济南市,济阳县,25.791849,107.113088
温州市,平阳县,21.73666,101.461959
孝感市,孝南区,25.921831,115.985867
天津市,津南区,35.127031,118.517311
苏州市,太仓市,29.999677,105.400876
东营市,垦利县,22.729894,113.580224
赣州市,瑞金市,35.852858,119.85631
西双版纳傣族自治州,勐腊县,43.872223,125.611485
黔南布依族苗族自治州,平塘县,32.109229,118.772553
资阳市,安岳县,31.578255,114.3103
临沂市,河东区,37.906161,114.632968
广州市,南沙区,31.006481,104.298476
南京市,下关区,22.374201,112.548041
青岛市,胶南市,29.871101,122.278765
长春市,二道区,44.879423,126.602501
石家庄市,栾城县,44.510507,125.769044
孝感市,大悟县,40.788864,111.876335
德阳市,广汉市,26.761885,116.363117
江门市,开平市,27.913341,120.811078
舟山市,普陀区,29.66912,118.093082
温州市,龙湾区,38.322588,77.014833
长春市,榆树市,29.42414,106.465322
抚州市,广昌县,37.407476,121.451535
黄山市,休宁县,36.115523,103.719156
呼和浩特市,赛罕区,29.614714,118.895765
长春市,德惠市,31.939946,119.903154
喀什地区,莎车县,32.971613,118.538232
重庆市,大渡口区,39.533686,116.694236
烟台市,莱山区,47.483737,130.247501
兰州市,安宁区,27.766945,112.004619
杭州市,淳安县,23.680249,113.684824
常州市,新北区,26.590155,118.254737
淮安市,盱眙县,21.270307,110.039895
廊坊市,广阳区,41.765562,123.599872
揭阳市,东山区,40.658778,109.903675
广州市,从化市,28.447361,119.849952
南平市,延平区,47.741959,128.90058
娄底市,娄星区,30.015793,120.618327
湛江市,遂溪县,29.599589,104.593976
沈阳市,东陵区,33.844426,113.963899
包头市,青山区,42.268753,118.757106
伊春市,伊春区,33.748697,112.740309
丽水市,莲都区,37.292198,112.469066
绍兴市,越城区,47.303489,124.262931
漯河市,临颍县,41.990902,121.652705
赤峰市,松山区,39.173149,117.220297
内江市,威远县,22.76871,115.424358
洛阳市,伊川县,34.407088,112.468877
阜新市,海州区,36.976575,121.529788
天津市,河北区,38.050513,115.920118
平顶山市,鲁山县,35.410529,116.59834
齐齐哈尔市,铁锋区,33.190868,120.546274
晋中市,祁县,23.07546,113.73628
汕尾市,城区,24.729638,118.558651
威海市,乳山市,42.683934,125.454809
衡水市,武强县,41.261816,125.290028
济宁市,市中区,34.50304,115.637731
东莞市,高步镇,26.102311,111.563919
盐城市,大丰市,33.861905,113.568983
辽源市,东丰县,40.747387,111.658553
商丘市,梁园区,22.824523,112.683258
泉州市,晋江市,27.103196,110.599739
本溪市,桓仁满族自治县,28.969928,117.273279
永州市,零陵区,28.131213,112.360465
邵阳市,洞口县,28.247205,117.057706
许昌市,襄城县,35.28615,113.914619
长沙市,宁乡县,24.371128,109.483181
佛山市,高明区,21.676116,110.86861
呼和浩特市,玉泉区,46.747537,126.957863
景德镇市,乐平市,31.336381,118.9719
鹰潭市,月湖区,28.916489,106.923721
新乡市,红旗区,27.156737,111.486639
柳州市,城中区,37.388791,107.754293
绥化市,北林区,36.248031,119.959421
茂名市,茂南区,28.452236,117.41665
青岛市,胶州市,36.112514,116.744762
南京市,高淳县,36.535532,118.913914
重庆市,万盛区,39.126626,117.261693
榆林市,定边县,30.740828,111.313706
邵阳市,大祥区,39.126626,117.261693
泰安市,肥城市,31.871302,121.678822
上饶市,弋阳县,22.223898,111.694449
三亚市,河东区,30.149933,105.819679
潍坊市,昌乐县,42.972383,120.940789
南通市,启东市,35.469377,119.377852
天津市,河东区,34.097096,114.855701
宜昌市,西陵区,25.638121,119.377547
阳江市,阳春市,21.489723,109.251591
菏泽市,东明县,30.320603,114.901016
重庆市,潼南县,31.290123,114.628119
北海市,银海区,31.589182,104.368786
通辽市,奈曼旗,31.732638,117.036261
鄂州市,鄂城区,19.741334,110.48011
日照市,东港区,34.638922,119.467017
周口市,太康县,33.378948,120.206351
福州市,福清市,28.774056,119.720833
连云港市,连云区,24.01917,109.771968
盐城市,亭湖区,23.529453,116.369224
黄冈市,红安县,37.685622,116.814556
海口市,琼山区,39.657846,118.18507
合肥市,肥西县,41.027766,113.112832
绵阳市,安县,47.258895,123.089103
金华市,武义县,27.684915,111.493942
揭阳市,榕城区,32.47853,105.785317
来宾市,象州县,39.457043,117.034578
德州市,宁津县,26.397917,106.665273
乌兰察布市,集宁区,24.509486,112.68133
唐山市,路北区,21.662036,108.449166
齐齐哈尔市,龙江县,34.513762,109.073775
娄底市,冷水江市,37.661863,116.508033
广元市,利州区,29.017744,121.488229
西安市,高陵县,36.716115,119.142634
天津市,武清区,30.983353,119.81942
南京市,六合区,32.059062,118.569125
清远市,阳山县,34.860573,114.340988
长春市,经济技术开发区,24.708193,113.379606
贵阳市,花溪区,34.423853,108.817312
台州市,三门县,30.678659,111.380922
防城港市,港口区,30.072896,114.846142
沧州市,吴桥县,22.940752,113.76532
潍坊市,潍坊高新技术开发区,33.670704,113.941362
开封市,金明区,24.347934,116.664124
湖州市,长兴县,39.108074,106.613773
南京市,浦口区,27.193654,111.85672
韶关市,武江区,32.40064,118.848166
咸阳市,渭城区,44.100874,126.695085
宜昌市,伍家岗区,29.242714,112.444499
东莞市,南城区,25.215755,110.284608
保定市,新市区,31.244981,112.584826
黄石市,大冶市,26.763865,119.454559
漯河市,郾城区,27.207068,119.887522
梅州市,大埔县,35.354043,117.089582
石嘴山市,惠农区,27.662279,113.470625
邵阳市,邵东县,37.04053,115.69159
吉林市,龙潭区,45.686139,126.368418
益阳市,南县,28.441758,116.317458
桂林市,象山区,34.819065,113.803471
荆门市,钟祥市,25.222206,117.086322
宁德市,蕉城区,38.881183,115.412245
南昌市,进贤县,36.206829,106.254011
济宁市,邹城市,32.092511,112.772607
宁德市,柘荣县,36.919143,116.581331
邢台市,清河县,31.932635,119.20708
株洲市,醴陵市,27.248222,111.545347
哈尔滨市,道里区,32.168647,119.676181
郑州市,郑东新区,28.98746,105.437842
龙岩市,新罗区,37.375971,117.578984
固原市,原州区,23.408849,116.759347
德州市,禹城市,23.538683,110.412601
襄阳市,枣阳市,28.940177,120.108684
镇江市,句容市,44.30912,80.781159
镇江市,镇江新区,42.828681,85.200093
邵阳市,双清区,32.03134,113.962777
泸州市,龙马潭区,35.574016,116.754139
滨州市,惠民县,28.431708,109.439129
重庆市,垫江县,39.854293,119.479321
贵港市,平南县,36.744883,117.479345
汕头市,龙湖区,36.215457,117.183902
金华市,永康市,44.078961,116.136948
伊犁哈萨克自治州,霍城县,32.564364,117.014687
巴音郭楞蒙古自治州,和静县,28.8648,112.044311
济宁市,兖州市,35.065791,117.147616
信阳市,浉河区,27.812713,120.028422
湘西土家族苗族自治州,花垣县,26.852862,112.607907
吉林市,丰满区,43.867914,125.267647
秦皇岛市,北戴河区,39.61302,109.869094
济南市,章丘市,21.645265,110.141711
锡林郭勒盟,锡林浩特市,27.548286,102.568091
泰安市,泰山区,23.606752,116.361709
淮南市,田家庵区,26.08265,119.510802
常德市,汉寿县,24.426735,114.030428
枣庄市,滕州市,43.882172,126.389089
衡阳市,雁峰区,30.633205,114.444495
温州市,文成县,32.800695,116.866193
长春市,汽车产业开发区,25.125684,117.911632
鄂尔多斯市,康巴什新区,31.676059,117.771783
湛江市,廉江市,35.628414,108.953058
揭阳市,揭东县,34.700648,116.911468
凉山彝族自治州,普格县,31.753039,116.302573
福州市,马尾区,32.434166,111.76583
韶关市,翁源县,38.741105,116.163214
吉林市,船营区,43.654515,126.698202
武汉市,青山区,28.81582,104.693255
淮南市,潘集区,31.293694,104.019871
泉州市,安溪县,32.132798,115.16441
合肥市,巢湖市,38.897511,115.532912
延安市,黄陵县,43.807886,87.545631
徐州市,沛县,33.972013,116.330775
六安市,裕安区,34.779474,113.557281
沧州市,任丘市,43.843907,87.668014
襄阳市,老河口市,25.017973,118.388981
德阳市,什邡市,33.224377,111.847405
嘉峪关市,镜铁区,22.923358,113.708146
保定市,北市区,24.513865,111.248833
宜宾市,翠屏区,34.680182,104.88673
郑州市,中原区,23.561267,111.723487
宁波市,奉化市,27.518966,116.681732
信阳市,潢川县,34.290199,108.058738
贺州市,钟山县,34.402946,117.90306
商丘市,永城市,31.929923,120.935005
乌鲁木齐市,沙依巴克区,40.067035,124.355563
乌鲁木齐市,水磨沟区,30.502936,118.997025
东莞市,厚街镇,40.964908,122.093755
泉州市,南安市,31.723054,119.515038
南阳市,内乡县,40.137901,117.957639
抚州市,南城县,37.403754,110.876927
肇庆市,封开县,36.682531,116.891199
天水市,武山县,33.726032,117.159076
咸阳市,杨陵区,27.791376,109.729179
徐州市,邳州市,31.425242,119.382839
南通市,南通经济技术开发区,29.263844,115.023159
盘锦市,大洼县,23.664271,109.193205
丹东市,振兴区,38.878255,115.886731
宣城市,宁国市,31.351966,118.387245
常州市,金坛市,22.690984,111.493242
唐山市,遵化市,26.541413,106.724173
钦州市,钦南区,26.550431,109.590833
吕梁市,柳林县,22.216637,113.247982
怀化市,麻阳苗族自治县,37.316764,111.745996
济南市,槐荫区,25.857384,118.794741
宿州市,埇桥区,30.908079,105.388245
常州市,溧阳市,33.690737,117.543127
九江市,武宁县,28.812629,115.952954
吕梁市,汾阳市,33.711976,119.70499
来宾市,兴宾区,27.871843,112.89448
保定市,安新县,34.286755,115.589784
芜湖市,镜湖区,21.896681,108.816524
云浮市,罗定市,41.60574,120.484073
贵阳市,南明区,34.587964,117.638243
怀化市,靖州苗族侗族自治县,40.036496,113.047002
遂宁市,射洪县,30.091647,104.755417
珠海市,斗门区,36.602117,101.831865
福州市,永泰县,24.977642,111.752496
宿州市,灵璧县,30.705004,122.481686
商丘市,睢阳区,22.867337,113.67007
宜春市,宜丰县,33.708801,118.656941
南昌市,新建县,36.680584,118.470187
盐城市,阜宁县,23.338657,103.516692
湘潭市,雨湖区,30.719641,103.529467
朝阳市,双塔区,45.432438,123.723714
枣庄市,台儿庄区,24.761827,116.825552
大同市,矿区,35.812419,114.199514
东莞市,莞城区,29.152297,105.02222
资阳市,雁江区,35.536723,118.417586
西宁市,城东区,47.833685,133.273328
永州市,江华瑶族自治县,28.454955,114.774366
舟山市,嵊泗县,32.792215,117.611472
揭阳市,惠来县,40.838895,111.596886
宿迁市,泗阳县,37.650825,112.843737
红河哈尼族彝族自治州,蒙自市,39.98878,119.577617
潍坊市,青州市,25.379998,117.451722
成都市,崇州市,36.097697,115.249823
白城市,大安市,37.924122,115.29875
鹤壁市,淇滨区,29.591008,120.761431
龙岩市,永定县,31.191699,118.532462
自贡市,富顺县,28.977186,112.564942
佳木斯市,同江市,31.836199,117.215106
临沂市,沂南县,27.655598,117.355536
滁州市,凤阳县,30.614941,103.388452
呼和浩特市,回民区,31.952427,104.933149
晋中市,榆次区,36.387318,119.702512
秦皇岛市,海港区,32.196647,119.43092
龙岩市,漳平市,38.553281,106.055556
石家庄市,辛集市,30.932878,112.193923
濮阳市,南乐县,28.973666,118.54767
绍兴市,嵊州市,41.141388,121.126434
芜湖市,芜湖县,30.944772,117.889749
合肥市,高新技术开发区,43.65829,122.291294
益阳市,沅江市,34.345208,111.506791
绵阳市,江油市,19.222483,109.0113
南平市,光泽县,29.411548,104.877566
成都市,大邑县,27.743727,111.794581
宁波市,高新科技开发区,43.059667,129.471302
潍坊市,高密市,23.276367,111.987268
银川市,西夏区,27.144039,114.751278
衢州市,常山县,34.348982,117.229402
镇江市,润州区,24.744594,117.812987
荆门市,掇刀区,37.828529,110.186901
铜陵市,狮子山区,35.063677,110.961931
通辽市,科尔沁区,37.029892,118.852534
洛阳市,洛宁县,34.410528,117.498246
昌江黎族自治县,昌江黎族自治县,32.387662,121.059244
自贡市,大安区,47.170673,132.539001
锦州市,古塔区,30.5011,116.182539
延边朝鲜族自治州,延吉市,24.891614,111.313243
肇庆市,德庆县,42.286232,118.998103
娄底市,涟源市,28.996871,111.69745
吉安市,吉安县,39.482482,115.999054
徐州市,铜山区,23.049117,114.955518
漳州市,长泰县,38.401522,117.400217
运城市,盐湖区,30.943631,118.797803
榆林市,米脂县,30.710054,108.413439
佳木斯市,富锦市,23.288954,116.078166
南通市,如东县,24.306184,109.343466
潍坊市,寿光市,32.071256,120.823875
徐州市,贾汪区,27.83591,110.658581
贺州市,富川瑶族自治县,34.879764,114.980293
赤峰市,红山区,26.425201,115.446507
常德市,武陵区,29.015941,109.976124
安庆市,太湖县,37.610401,120.5228
武汉市,东西湖区,23.347254,116.485448
保定市,涿州市,33.6415,115.301297
沧州市,黄骅市,26.868877,119.990551
惠州市,惠东县,32.273616,120.580144
重庆市,万州区,31.238764,107.519204
宣城市,宣州区,30.698153,114.087155
揭阳市,普宁市,30.118708,106.318029
淮安市,经济开发区,25.360057,103.913326
柳州市,柳南区,28.699095,115.983007
南通市,港闸区,31.042409,108.863186
怀化市,溆浦县,30.532487,116.980968
开封市,兰考县,32.473259,117.665965
烟台市,龙口市,32.619993,112.859118
湘西土家族苗族自治州,永顺县,19.347749,110.063364
赣州市,兴国县,27.896053,119.61929
南通市,如皋市,29.414314,120.975702
汕头市,潮阳区,35.254971,117.985838
宁德市,霞浦县,28.75934,118.168917
周口市,郸城县,41.833588,124.029249
重庆市,合川区,41.799698,122.260736
达州市,通川区,31.607981,113.467681
曲靖市,麒麟区,38.82189,112.193896
南昌市,高新区,25.696958,116.371884
屯昌县,屯昌县,22.716938,114.542311
安庆市,大观区,34.88953,119.0414
重庆市,云阳县,21.287668,110.379723
滁州市,定远县,23.677207,112.443316
绍兴市,新昌县,39.981217,123.87687
南阳市,唐河县,25.838711,114.937365
丽水市,景宁畲族自治县,41.271122,123.201216
上饶市,玉山县,40.545156,116.169735
临沂市,费县,22.912795,114.115599
随州市,曾都区,37.162071,118.538569
锦州市,黑山县,30.343116,112.768768
抚顺市,东洲区,40.638139,116.593408
龙岩市,长汀县,36.749103,104.732327
忻州市,宁武县,22.912349,113.948207
惠州市,大亚湾区,28.277902,112.848535
湛江市,赤坎区,27.927747,113.023488
肇庆市,广宁县,43.912165,125.191331
连云港市,赣榆县,23.86503,116.906123
辽阳市,文圣区,31.986241,107.993811
丹东市,东港市,25.89349,112.608108
赣州市,章贡区,31.216677,118.33597
北京市,延庆县,29.818323,106.039243
东莞市,樟木头镇,23.244655,109.689558
东营市,广饶县,24.471743,109.413915
北京市,怀柔区,28.666326,120.191882
白银市,靖远县,29.6664,91.16873
潜江市,潜江市,27.88759,107.00311
潮州市,饶平县,34.726004,114.452186
东莞市,大朗镇,22.035522,110.975605
长春市,绿园区,29.619844,103.804782
长沙市,望城区,38.492172,102.32868
达州市,万源市,34.403175,107.117614
湘潭市,岳塘区,28.762203,113.720846
郴州市,桂阳县,34.870585,117.606082
重庆市,铜梁县,22.663807,108.135591
贵港市,港北区,35.434199,116.307291
芜湖市,弋江区,39.620006,122.274257
乐山市,市中区,39.10932,116.574306
柳州市,柳北区,32.286111,117.174438
丽水市,缙云县,43.825992,125.26488
拉萨市,城关区,32.783574,114.949393
遵义市,汇川区,30.929419,117.810737
开封市,开封县,32.54916,119.717318
茂名市,高州市,28.164426,110.0027
金昌市,金川区,32.30784,114.139086
宝鸡市,金台区,22.9696,115.286322
岳阳市,平江县,30.242568,116.688092
枣庄市,市中区,41.589345,123.426289
南宁市,江南区,40.102543,113.296966
廊坊市,霸州市,18.839886,110.292505
济宁市,嘉祥县,30.665452,105.938703
大连市,普兰店市,34.696117,115.178414
合肥市,长丰县,37.991145,115.091738
驻马店市,新蔡县,40.78291,114.915166
长春市,高新区,34.860573,114.340988
扬州市,江都区,24.376811,98.382105
铜陵市,铜官山区,35.471734,114.673647
湘西土家族苗族自治州,泸溪县,31.217943,115.089715
信阳市,平桥区,36.266142,114.586944
汕尾市,海丰县,36.905533,120.751343
安庆市,望江县,36.861588,121.113614
南充市,嘉陵区,30.66455,112.395983
万宁市,万宁市,28.714689,115.180078
沈阳市,苏家屯区,35.133826,112.888305
大同市,城区,31.956039,121.31247
安阳市,滑县,24.991871,118.809473
商丘市,民权县,32.136407,107.352775
开封市,龙亭区,45.941458,126.452271
张家口市,桥东区,23.700044,116.6779
石家庄市,晋州市,37.481074,121.203461
德宏傣族景颇族自治州,芒市,36.637215,114.511068
黄冈市,麻城市,26.325515,110.325303
邯郸市,临漳县,30.388736,103.376512
烟台市,莱阳市,28.738742,120.640606
荆门市,沙洋县,42.196601,116.498639
宜春市,奉新县,38.295049,106.109048
烟台市,海阳市,26.301591,119.568339
焦作市,沁阳市,22.774919,109.168927
南通市,海门市,21.62717,108.061081
泉州市,惠安县,36.034148,114.418522
巴中市,通江县,21.237962,110.404929
哈尔滨市,松北区,30.541458,117.152542
潮州市,湘桥区,38.894806,114.164211
邯郸市,丛台区,30.015614,115.625834
邵阳市,城步苗族自治县,28.456919,112.461324
烟台市,福山区,30.903335,110.685993
成都市,邛崃市,37.972758,112.48844
台州市,仙居县,25.119439,107.468001
锡林郭勒盟,多伦县,25.002544,104.857837
福州市,连江县,34.307609,108.47576
银川市,永宁县,34.437104,110.779737
南宁市,横县,46.658525,131.178514
防城港市,东兴市,34.817771,114.428527
安阳市,文峰区,40.589124,110.070141
湛江市,湛江经济技术开发区,30.949625,106.115798
保定市,阜平县,40.750993,120.904586
黄山市,屯溪区,38.194681,115.233102
黄冈市,武穴市,38.023186,116.86585
咸阳市,兴平市,40.000893,115.795795
安庆市,迎江区,32.567477,111.193228
益阳市,赫山区,30.328717,115.600771
太原市,尖草坪区,33.225834,119.455651
宜昌市,秭归县,27.873273,111.246845
河池市,南丹县,29.448996,112.162437
黔西南布依族苗族自治州,兴义市,40.001627,113.583866
三门峡市,灵宝市,35.426541,112.361527
开封市,顺河回族区,26.560382,111.621586
包头市,东河区,25.65384,111.988063
双鸭山市,尖山区,30.057372,103.748333
南充市,顺庆区,37.15412,122.010782
黄冈市,蕲春县,34.459443,113.736115
葫芦岛市,龙港区,30.622039,113.681678
石家庄市,深泽县,35.621785,111.371509
十堰市,丹江口市,18.575985,109.948661
沧州市,南皮县,35.801606,116.124806
北京市,门头沟区,40.70301,122.265592
娄底市,新化县,36.331642,116.283198
扬州市,宝应县,25.679158,112.884476
晋城市,阳城县,38.422207,115.885816
常德市,安乡县,35.43425,117.682448
大同市,大同县,36.854244,118.300697
永州市,冷水滩区,39.420696,109.704186
永州市,宁远县,26.506326,119.465234
郑州市,新郑市,23.881077,113.566689
眉山市,东坡区,24.275816,109.456327
威海市,文登市,44.408404,129.860447
孝感市,汉川市,30.03407,117.006827
临汾市,侯马市,26.496945,106.70098
陵水黎族自治县,陵水黎族自治县,40.890871,107.033454
聊城市,东阿县,34.284443,118.344121
济宁市,梁山县,27.250338,111.422279
郴州市,北湖区,36.585463,118.020181
营口市,站前区,26.423993,112.921552
沧州市,肃宁县,29.397693,110.9362
福州市,罗源县,32.189469,119.845138
临沂市,平邑县,31.633565,121.535398
淄博市,临淄区,29.379271,107.716106
鄂尔多斯市,伊金霍洛旗,25.604742,119.079039
清远市,佛冈县,22.925291,111.02872
柳州市,鱼峰区,34.0106,112.049511
池州市,东至县,22.967877,115.78803
牡丹江市,东安区,34.062967,112.435544
巴彦淖尔市,杭锦后旗,30.61434,117.05613
徐州市,新沂市,35.585835,103.200576
贵阳市,小河区,26.580786,113.365699
邵阳市,北塔区,33.065316,108.250518
衡阳市,耒阳市,35.8336,116.932939
淄博市,淄川区,36.141696,114.391436
张家界市,慈利县,29.282614,104.707854
上海市,崇明县,35.914369,118.609358
镇江市,扬中市,23.563455,111.421626
漳州市,华安县,29.90214,118.278591
重庆市,武隆县,34.48254,106.923581
莆田市,涵江区,47.746935,130.761333
梧州市,岑溪市,39.084494,117.236165
汕尾市,陆丰市,34.344448,105.581171
洛阳市,嵩县,26.607041,106.629423
洛阳市,汝阳县,40.666949,122.210126
安庆市,宜秀区,19.884344,110.2632
郴州市,安仁县,35.744383,119.249433
临夏回族自治州,临夏市,25.448472,114.36649
安康市,石泉县,29.398978,104.372408
泰安市,宁阳县,26.731157,104.762547
安阳市,北关区,21.845482,110.539591
自贡市,自流井区,35.555043,115.552871
临沂市,沂水县,21.963855,112.066283
梧州市,万秀区,27.903664,121.125826
宝鸡市,陈仓区,31.766262,115.375246
黄山市,徽州区,26.197377,106.060017
贵阳市,金阳新区,34.303915,109.108755
鹤岗市,萝北县,36.536153,114.46929
海口市,秀英区,29.314591,104.602735
营口市,西市区,22.722316,114.175603
天水市,秦州区,34.514075,113.439854
三亚市,河西区,30.451767,111.728567
日照市,五莲县,34.630802,112.734822
六盘水市,钟山区,28.40568,117.944367
赣州市,大余县,28.906871,104.38271
自贡市,荣县,38.275938,107.59701
茂名市,化州市,29.668061,116.292561
菏泽市,鄄城县,27.094313,119.313326
阳江市,阳东县,35.89581,117.613016
温州市,洞头县,34.311027,107.108244
信阳市,商城县,23.282443,116.711363
西安市,灞桥区,30.89395,119.364713
安顺市,西秀区,26.305565,116.372322
自贡市,贡井区,29.367869,105.252958
邯郸市,邯山区,30.218698,114.903009
东莞市,凤岗镇,25.693967,100.219209
合肥市,经济技术开发区,34.608867,108.780753
宜昌市,枝江市,27.578023,114.070007
郑州市,新密市,44.175083,87.073618
洛阳市,偃师市,36.146774,115.873503
上饶市,上饶县,36.575992,109.648602
宜宾市,宜宾县,42.471223,124.283776
鄂尔多斯市,鄂托克前旗,33.520933,114.559577
宁德市,周宁县,35.2794,116.041131
泰安市,新泰市,35.057332,113.399935
九江市,湖口县,28.58197,118.607086
宝鸡市,渭滨区,33.595284,119.136831
宣城市,广德县,25.936772,115.508893
汕头市,濠江区,36.016561,113.861084
赣州市,石城县,22.872432,114.006215
黄石市,铁山区,39.708956,121.790699
内江市,隆昌县,33.894051,115.383983
大理白族自治州,大理市,34.175195,119.446397
咸阳市,泾阳县,24.246115,102.21925
萍乡市,芦溪县,31.118872,105.042581
昌吉回族自治州,昌吉市,22.841602,114.18745
延安市,宝塔区,33.862829,118.27464
聊城市,阳谷县,29.243056,116.787693
铁岭市,开原市,30.62637,119.583158
周口市,商水县,23.11522,113.847491
焦作市,武陟县,24.127817,104.110334
菏泽市,巨野县,31.737965,117.294911
衢州市,江山市,38.881183,115.412245
淮安市,清河区,23.352582,114.288475
赣州市,于都县,35.103626,115.62942
东莞市,黄江镇,31.682325,113.812619
安阳市,林州市,34.865344,117.998342
周口市,鹿邑县,44.461506,125.094327
大连市,瓦房店市,36.135642,118.203972
连云港市,灌南县,24.880252,101.328638
玉溪市,峨山彝族自治县,31.602117,106.078093
绵阳市,三台县,41.86979,123.911369
东莞市,清溪镇,38.06339,114.510784
宿迁市,宿城区,23.725927,116.633845
上饶市,鄱阳县,25.306238,110.071405
东莞市,石龙镇,29.666586,116.009736
湖州市,安吉县,40.840354,122.791201
文山壮族苗族自治州,丘北县,34.888646,111.251109
合肥市,滨湖新区,45.30761,130.959937
日照市,新市区,30.540769,106.420833
西安市,杨凌区,32.24247,108.887181
惠州市,博罗县,34.316553,108.190993
临沂市,苍山县,24.537177,117.704037
随州市,广水市,36.148101,117.190487
菏泽市,定陶县,25.275887,112.933447
淄博市,沂源县,21.960731,100.337382
长春市,农安县,35.74744,118.036742
抚顺市,新抚区,32.68465,112.056861
楚雄彝族自治州,楚雄市,39.616118,115.444628
南充市,阆中市,31.646279,114.859089
石家庄市,桥东区,34.79684,110.01195
潮州市,潮安县,46.340416,127.324287
桂林市,临桂县,34.048516,113.835262
鞍山市,海城市,30.373905,106.231366
运城市,平陆县,32.968357,114.00829
九江市,庐山区,19.216056,109.358586
泰安市,岱岳区,30.825538,111.842712
安康市,岚皋县,38.227073,114.570201
鸡西市,鸡冠区,33.299954,113.016822
广安市,岳池县,24.675485,118.280803
咸阳市,武功县,44.926914,123.969123
漳州市,龙文区,33.27447,114.89338
保定市,涞水县,31.825784,117.238837
西双版纳傣族自治州,勐海县,37.890804,113.540771
临沂市,蒙阴县,29.628089,105.202169
郴州市,宜章县,44.869127,124.48165
南阳市,邓州市,31.375482,118.493974
信阳市,新县,36.425427,117.965553
驻马店市,驿城区,22.973002,112.171604
广安市,武胜县,30.277746,118.077546
渭南市,大荔县,29.813836,104.807466
哈尔滨市,巴彦县,41.425684,116.623795
许昌市,许昌县,34.964343,118.297279
杭州市,桐庐县,27.372429,115.843324
宜昌市,当阳市,29.836582,119.560462
石家庄市,正定县,36.45583,115.907706
白沙黎族自治县,白沙黎族自治县,29.848933,113.001956
南阳市,方城县,28.179738,121.284426
厦门市,翔安区,40.0329,119.713616
合肥市,政务文化新区,39.734834,106.861482
周口市,项城市,23.082587,112.461712
松原市,乾安县,25.605572,99.898375
阳泉市,矿区,30.308979,109.517433
内江市,东兴区,25.133414,118.643453
芜湖市,鸠江区,41.677262,125.960124
松原市,前郭尔罗斯蒙古族自治县,33.534755,113.923601
淄博市,博山区,49.279245,120.042882
云浮市,云城区,31.228414,117.335876
黄山市,黄山区,22.982801,113.662671
承德市,丰宁满族自治县,34.232797,119.797602
内江市,资中县,22.315716,109.147748
临沂市,罗庄区,34.95026,113.055296
抚州市,乐安县,43.41778,111.966178
秦皇岛市,山海关区,31.176854,111.585113
荆州市,监利县,44.685921,129.544566
台州市,玉环县,29.960491,107.146615
聊城市,东昌府区,29.155526,119.809227
乌海市,海勃湾区,23.941866,106.505596
肇庆市,高要市,29.742222,112.51436
恩施土家族苗族自治州,恩施市,42.54265,125.723516
泉州市,洛江区,34.925884,112.769699
大理白族自治州,漾濞彝族自治县,50.218245,126.764262
通化市,东昌区,27.114896,116.500362
合肥市,庐江县,41.193225,122.032038
漯河市,源汇区,38.377578,114.762271
盐城市,响水县,37.767882,106.219012
东莞市,道滘镇,34.454057,116.420282
呼伦贝尔市,海拉尔区,37.66116,120.862694
钦州市,灵山县,32.310209,118.270828
宜昌市,远安县,27.055897,119.656277
焦作市,温县,29.486257,111.625422
锡林郭勒盟,二连浩特市,29.225529,109.515961
牡丹江市,爱民区,36.69035,104.945609
重庆市,长寿区,40.973242,118.125718
金华市,金东区,39.723045,118.462232
百色市,右江区,22.554847,113.135371
荆州市,石首市,34.827953,115.553601
通化市,梅河口市,34.649855,118.324431
黑河市,爱辉区,28.464142,111.990464
焦作市,孟州市,27.393067,116.251242
抚州市,南丰县,32.989723,111.445396
石家庄市,新乐市,25.555137,113.677677
宿州市,砀山县,41.456154,123.711866
烟台市,蓬莱市,35.713963,102.463877
盘锦市,双台子区,33.693205,116.736899
吴忠市,利通区,27.645395,113.878869
滁州市,南谯区,31.277101,108.38926
常德市,临澧县,40.646915,122.571551
湘西土家族苗族自治州,龙山县,33.380939,109.077371
宁德市,福安市,41.127872,122.985786
白银市,平川区,27.109626,112.351579
合肥市,新站综合开发试验区,38.687107,106.266518
承德市,承德县,26.759845,112.648514
吉安市,吉水县,39.010621,100.522079
江门市,江海区,26.446506,117.818846
唐山市,古冶区,31.757569,118.299864
菏泽市,曹县,23.5602,111.189914
临沂市,郯城县,34.111652,115.309042
抚州市,宜黄县,36.834234,119.449917
益阳市,桃江县,33.023815,117.388184
郴州市,汝城县,45.956172,123.452272
南阳市,淅川县,33.486925,111.43899
海东地区,循化撒拉族自治县,45.469765,132.176562
本溪市,溪湖区,32.161268,112.161578
淮北市,濉溪县,25.700615,106.188362
重庆市,开县,40.012967,119.3951
萍乡市,安源区,43.074719,130.702367
营口市,大石桥市,32.553441,112.415991
鞍山市,铁西区,35.61298,115.894632
商洛市,镇安县,25.433375,118.954443
衡阳市,衡阳县,40.252584,122.176897
衡阳市,衡南县,34.716097,117.603556
张掖市,甘州区,31.756898,120.056359
银川市,贺兰县,46.790808,122.388146
马鞍山市,和县,39.547806,105.038247
三明市,沙县,29.088539,110.501007
商丘市,柘城县,44.070554,87.691186
潍坊市,昌邑市,36.135573,114.29713
梧州市,长洲区,24.517287,103.783253
蚌埠市,淮上区,39.805586,109.764419
南阳市,西峡县,29.141311,115.742475
白城市,镇赉县,44.020356,81.289048
西安市,蓝田县,43.684787,118.94609
鸡西市,密山市,24.904568,108.827191
安顺市,紫云苗族布依族自治县,36.42857,116.803552
襄阳市,襄州区,34.100787,109.42339
秦皇岛市,抚宁县,27.777772,113.068009
延边朝鲜族自治州,珲春市,38.973844,89.762772
南阳市,新野县,24.22568,113.323169
菏泽市,郓城县,23.1479,109.401336
莆田市,城厢区,23.96782,105.00649
营口市,鲅鱼圈区,26.806848,111.961606
枣庄市,峄城区,45.6472,124.769044
常州市,戚墅堰区,37.552339,111.313142
兴安盟,扎赉特旗,25.467214,104.367452
阿拉善盟,阿拉善左旗,32.446574,115.324561
安阳市,殷都区,27.365341,108.707447
乌鲁木齐市,米东区,40.173197,124.350321
张家界市,永定区,22.90748,113.608215
鄂尔多斯市,东胜区,35.529746,106.354023
红河哈尼族彝族自治州,泸西县,18.998161,108.85101
九江市,永修县,28.221298,116.619623
丹东市,元宝区,36.748995,114.058334
伊犁哈萨克自治州,伊宁市,34.695773,116.615733
赤峰市,巴林右旗,29.044202,120.567447
济南市,长清区,29.928507,103.038405
河池市,罗城仫佬族自治县,23.729056,103.400155
巴音郭楞蒙古自治州,若羌县,29.890596,107.837517
株洲市,天元区,34.894672,110.488949
清远市,英德市,29.141686,107.177888
贵港市,覃塘区,34.34738,107.241311
文山壮族苗族自治州,广南县,22.171133,108.528676
衡阳市,祁东县,28.13132,119.54173
大庆市,肇源县,34.003834,108.592481
信阳市,淮滨县,25.139021,116.135917
吕梁市,离石区,35.677201,107.673674
黔东南苗族侗族自治州,岑巩县,31.12833,118.200118
曲靖市,富源县,34.303302,117.253457
固原市,泾源县,23.258066,108.260139
东莞市,沙田镇,36.863637,120.442831
邯郸市,武安市,37.628132,114.289553
徐州市,丰县,24.117558,102.711416
东方市,东方市,22.005062,107.294659
抚州市,东乡县,46.009306,125.849731
金华市,磐安县,44.424104,88.305949
重庆市,丰都县,37.025476,111.995188
雅安市,雨城区,29.95713,112.153618
重庆市,南川区,28.946084,115.237709
运城市,永济市,33.07351,115.734026
红河哈尼族彝族自治州,开远市,36.908366,119.179135
宝鸡市,高新区,37.118133,111.637646
钦州市,钦北区,29.985869,104.225519
丽水市,云和县,26.719737,106.686743
西安市,户县,23.431444,112.687558
龙岩市,武平县,33.946571,117.890364
庆阳市,西峰区,28.801958,113.125027
徐州市,金山桥开发区,26.8593,100.328596
江门市,恩平市,27.172268,113.487831
芜湖市,繁昌县,32.867689,115.727727
南宁市,武鸣县,29.776107,103.559263
石家庄市,赞皇县,35.655875,118.893585
青岛市,莱西市,29.401728,115.634084
玉溪市,通海县,19.21483,110.414359
崇左市,宁明县,29.828087,115.140493
绥化市,肇东市,23.043633,111.619938
昌吉回族自治州,阜康市,30.28714,113.962732
荆州市,公安县,37.152422,114.167744
晋中市,介休市,21.441681,110.708187
云浮市,新兴县,44.308259,86.041865
宜春市,靖安县,46.35835,126.213543
阜阳市,颍泉区,24.398817,117.80759
潍坊市,寒亭区,35.186007,113.075078
吕梁市,孝义市,22.626992,112.217541
眉山市,仁寿县,22.240985,112.286461
贵阳市,白云区,35.631891,110.708539
肇庆市,四会市,34.55352,109.564746
徐州市,睢宁县,36.598105,113.742914
东莞市,谢岗镇,33.782924,115.812814
岳阳市,汨罗市,23.510903,110.778838
丽江市,古城区,28.776739,103.481388
株洲市,攸县,40.888537,120.688361
阜阳市,颍州区,29.567502,106.198727
乐山市,夹江县,30.342003,107.921738
通化市,通化县,25.890527,112.234807
日照市,莒县,33.157376,116.166272
九江市,德安县,22.52889,110.467055
琼海市,琼海市,32.5444,116.908772
黄石市,阳新县,25.773515,113.051002
云浮市,郁南县,27.53371,113.739818
武汉市,汉南区,32.03123,114.443563
邢台市,邢台县,23.053294,113.745029
湛江市,吴川市,41.729156,125.857332
绥化市,兰西县,28.52541,119.089342
石河子市,石河子市,40.225552,97.461209
渭南市,临渭区,30.29492,111.375534
廊坊市,开发区,24.13461,117.691456
漳州市,龙海市,37.825119,113.141611
焦作市,博爱县,38.829036,110.33127
运城市,河津市,37.311748,120.901556
邯郸市,涉县,36.686368,101.712664
丽水市,遂昌县,28.111516,115.823404
亳州市,谯城区,42.44293,123.584348
梧州市,藤县,44.058017,129.215317
乐山市,马边彝族自治县,24.695654,115.932656
重庆市,璧山县,34.410705,107.688985
葫芦岛市,连山区,41.842223,119.632527
重庆市,忠县,24.33468,115.362292
永州市,新田县,26.418484,117.218599
亳州市,利辛县,30.514086,117.508478
酒泉市,玉门市,25.832944,114.712561
玉林市,北流市,35.513593,112.842697
淮南市,谢家集区,25.937184,113.468522
信阳市,罗山县,37.857865,113.612838
郴州市,苏仙区,43.601481,126.22756
萍乡市,湘东区,32.721214,118.972913
东莞市,万江区,35.203481,113.651969
宜昌市,宜都市,27.408381,118.067793
西宁市,城北区,25.607031,110.601021
漳州市,漳浦县,28.109822,117.713461
晋中市,寿阳县,29.64023,115.842035
烟台市,栖霞市,37.905179,112.107739
榆林市,神木县,32.812036,106.969741
宜春市,丰城市,36.046138,107.682548
牡丹江市,宁安市,47.58308,124.005487
铁岭市,调兵山市,34.822089,113.298182
宝鸡市,岐山县,30.972568,116.953559
梅州市,平远县,39.598374,98.802616
朝阳市,建平县,38.084707,114.347323
桂林市,荔蒲县,31.466821,104.558159
河源市,龙川县,33.037131,117.042086
三明市,明溪县,33.070817,112.193285
池州市,贵池区,27.536407,119.884868
赣州市,南康市,27.324782,118.971671
晋城市,城区,30.5074,115.276251
阳泉市,城区,34.527673,108.229483
郴州市,资兴市,33.337748,115.648756
吉林市,永吉县,22.047215,113.41759
滁州市,天长市,31.962527,104.258341
新乡市,获嘉县,27.73858,115.506839
红河哈尼族彝族自治州,元阳县,44.408005,131.102457
南平市,建阳市,23.069203,102.819567
桂林市,兴安县,32.114041,119.498972
九江市,九江县,32.894903,107.753712
上饶市,铅山县,31.518816,104.98158
牡丹江市,绥芬河市,31.939262,109.456711
太原市,古交市,27.907229,113.212526
汉中市,南郑县,29.229496,113.853266
庆阳市,庆城县,30.313945,105.028316
齐齐哈尔市,梅里斯达斡尔族区,45.623301,122.789074
石家庄市,鹿泉市,31.436657,104.129294
郑州市,上街区,31.349803,105.923514
安庆市,桐城市,40.956026,115.892223
酒泉市,肃州区,34.162778,112.812717
南阳市,镇平县,24.340566,114.542977
绵阳市,高新区,40.632394,115.258472
温州市,泰顺县,37.314224,114.304596
蚌埠市,怀远县,23.525442,115.064471
阜阳市,太和县,42.557949,126.342724
咸阳市,乾县,35.279608,114.231357
黄冈市,浠水县,39.351106,116.28967
南平市,政和县,27.261522,116.931717
攀枝花市,东区,32.069933,118.105778
绵阳市,北川羌族自治县,26.070228,98.8593
吉安市,新干县,24.327406,100.23368
珠海市,金湾区,37.769612,114.834938
汉中市,西乡县,33.504018,119.303107
株洲市,荷塘区,22.928505,113.903862
绵阳市,游仙区,35.111802,104.632913
镇江市,丹徒区,34.043477,113.825316
安康市,镇坪县,23.088335,113.963946
咸宁市,通城县,32.881523,117.356356
张家口市,赤城县,26.859217,115.266167
德阳市,绵竹市,30.979971,111.310649
南充市,南部县,44.57687,130.395526
白城市,洮北区,25.73111,102.201176
资阳市,乐至县,25.604177,116.821448
平顶山市,汝州市,24.65722,99.15749
河源市,连平县,40.57957,124.07296
张家口市,宣化区,36.752651,115.038532
达州市,达县,36.99629,118.034367
邢台市,内丘县,31.182047,107.424315
通化市,辉南县,26.153657,107.477559
河源市,紫金县,44.715903,117.816963
新乡市,延津县,34.686373,109.313417
廊坊市,固安县,34.486036,112.040468
抚州市,黎川县,41.908351,118.667056
滁州市,全椒县,26.099298,116.921193
怒江傈僳族自治州,泸水县,42.765541,123.273598
临沧市,云县,41.865071,120.811885
石家庄市,赵县,29.801743,111.044287
淮安市,楚州区,32.201507,116.173521
东莞市,松山湖,29.507004,103.400912
定西市,陇西县,39.243272,112.5562
许昌市,魏都区,32.864335,110.736399
东莞市,石排镇,35.543594,113.687892
蚌埠市,蚌山区,23.208968,112.625249
宜昌市,夷陵区,31.426757,104.781878
吉安市,青原区,35.170582,107.8348
牡丹江市,穆棱市,45.203919,84.92699
楚雄彝族自治州,武定县,25.199988,111.253887
龙岩市,连城县,27.235197,117.480572
保山市,施甸县,18.397248,109.429348
丹东市,凤城市,34.702932,112.505094
邯郸市,曲周县,29.425663,109.246714
淄博市,桓台县,30.013807,113.967139
锡林郭勒盟,西乌珠穆沁旗,27.610704,118.765689
西安市,阎良区,29.31641,103.604548
黔南布依族苗族自治州,都匀市,46.420779,124.914285
洛阳市,宜阳县,33.009839,112.484267
赤峰市,喀喇沁旗,33.235206,118.8282
三明市,清流县,19.490991,110.32009
朝阳市,北票市,33.712341,113.278189
常德市,石门县,34.738238,116.122985
沈阳市,康平县,23.683914,102.889674
六安市,霍邱县,27.465564,112.187923
乐山市,峨眉山市,30.116075,120.649277
朔州市,朔城区,26.732329,117.40084
新乡市,辉县市,39.302836,116.560557
十堰市,郧县,22.996428,113.883491
肇庆市,鼎湖区,34.15054,107.833844
绵阳市,经开区,38.640475,108.889663
咸阳市,长武县,23.333281,110.087119
克拉玛依市,克拉玛依区,25.537738,119.766453
永州市,江永县,27.599974,102.881928
南平市,邵武市,23.030051,113.988013
三亚市,市辖区,28.190604,117.19787
洛阳市,瀍河回族区,24.070092,114.141775
恩施土家族苗族自治州,来凤县,29.296488,105.880358
咸宁市,嘉鱼县,40.388771,94.158042
大庆市,红岗区,38.967534,106.387216
南平市,松溪县,34.520218,106.05204
乐山市,沙湾区,27.850578,115.007851
淮安市,洪泽县,49.500032,117.603687
南阳市,卧龙区,36.7702,114.641602
定安县,定安县,21.685028,111.240553
廊坊市,永清县,23.899181,112.886548
菏泽市,单县,30.473068,114.701472
平顶山市,湛河区,28.876901,105.371713
红河哈尼族彝族自治州,建水县,34.797983,114.341906
绍兴市,袍江工业区,26.95888,112.602488
娄底市,双峰县,30.101503,112.473701
三明市,将乐县,28.28658,111.390782
东莞市,寮步镇,27.431199,111.471275
宝鸡市,眉县,36.701567,112.290094
鄂尔多斯市,乌审旗,24.937021,112.459189
贵港市,桂平市,29.461789,114.067935
福州市,平潭县,32.643536,117.117138
凉山彝族自治州,布拖县,37.887452,116.677832
东莞市,横沥镇,25.126526,116.568669
鹰潭市,贵溪市,33.025834,119.145631
韶关市,新丰县,32.338458,118.337569
重庆市,永川区,28.41448,106.886331
酒泉市,敦煌市,23.545602,111.311404
石嘴山市,大武口区,28.365232,115.304482
天水市,麦积区,37.374136,106.166879
新余市,渝水区,25.797449,117.817997
呼伦贝尔市,满洲里市,24.133851,110.561223
茂名市,电白县,28.800557,115.75048
邯郸市,永年县,24.949326,110.909447
泸州市,江阳区,39.638021,119.094621
清远市,清新县,31.64328,111.764629
鄂州市,华容区,27.714537,116.066336
开封市,鼓楼区,31.121152,109.908611
荆州市,江陵县,42.368276,114.120589
衡阳市,石鼓区,34.532718,110.058188
益阳市,安化县,27.669223,112.788805
邵阳市,新邵县,30.393006,104.536305
长治市,沁源县,30.758639,116.552816
清远市,连州市,36.839764,116.25743
咸宁市,崇阳县,41.571041,118.905499
淮南市,大通区,28.825949,106.735847
沧州市,东光县,25.318874,110.336226
龙岩市,上杭县,49.329996,121.512668
淮安市,金湖县,30.860298,117.385735
滁州市,琅琊区,24.324491,117.200721
宜春市,高安市,25.363439,102.584103
遵义市,桐梓县,33.223044,116.591512
梧州市,蝶山区,23.540954,107.577512
吴忠市,红寺堡区,38.077456,120.755996
三明市,大田县,29.178499,113.237527
南昌市,湾里区,34.418362,113.041749
梧州市,蒙山县,39.27343,118.426721
桂林市,恭城瑶族自治县,35.975161,116.342953
孝感市,云梦县,23.047598,113.640236
秦皇岛市,昌黎县,32.003189,117.575857
襄阳市,南漳县,38.229386,113.360967
抚州市,崇仁县,37.243983,116.091225
渭南市,华阴市,29.644501,104.05533
重庆市,巫山县,31.039124,103.637342
锡林郭勒盟,镶黄旗,24.651898,113.642178
湘潭市,湘潭县,38.970233,115.277554
资阳市,简阳市,36.092836,117.827537
安庆市,潜山县,30.948814,106.987602
赤峰市,宁城县,31.100124,119.167904
聊城市,高唐县,25.148466,113.785474
重庆市,綦江区,48.644979,116.802184
桂林市,叠彩区,26.973089,114.188447
呼伦贝尔市,牙克石市,37.05358,114.468401
安庆市,枞阳县,22.093647,106.837053
昆明市,富民县,35.667572,114.169034
漳州市,平和县,35.592287,115.156602
亳州市,蒙城县,36.625674,119.258465
百色市,平果县,24.481177,108.546552
烟台市,长岛县,36.536357,115.540837
唐山市,唐海县,36.406731,114.255101
郑州市,登封市,45.273228,131.225654
岳阳市,岳阳县,41.3471,122.443683
泰安市,东平县,36.125937,111.474665
东莞市,望牛墩镇,28.694069,112.343121
阳泉市,盂县,38.483721,116.271593
合肥市,肥东县,37.96037,117.26694
成都市,都江堰市,43.925789,87.425049
乐山市,井研县,36.858027,115.528441
德州市,武城县,26.688326,106.73345
韶关市,曲江区,23.284407,115.629196
保定市,满城县,37.674417,117.145553
莱芜市,钢城区,34.092317,120.026609
达州市,渠县,40.235441,122.477327
宣城市,郎溪县,23.110228,107.690666
辽阳市,辽阳县,40.35365,119.137582
呼伦贝尔市,新巴尔虎右旗,25.173479,118.819017
韶关市,仁化县,38.738336,115.493492
吉安市,永新县,32.173452,111.495958
邢台市,桥西区,23.916085,116.291395
鹤壁市,淇县,36.139122,115.552673
崇左市,凭祥市,35.999785,104.24429
濮阳市,濮阳县,33.844054,116.908182
商丘市,睢县,27.822073,113.16976
潍坊市,坊子区,31.479093,115.779315
河池市,宜州市,33.385374,106.162834
聊城市,冠县,40.349444,81.156013
邯郸市,磁县,51.660819,120.652764
鸡西市,鸡东县,30.551849,111.455215
鞍山市,台安县,27.612024,109.945539
临汾市,尧都区,40.958869,112.443377
益阳市,资阳区,25.915538,119.56272
新余市,分宜县,29.24264,104.854763
沧州市,河间市,40.220264,109.866191
沧州市,盐山县,42.043254,121.627557
乌鲁木齐市,头屯河区,27.844993,114.678163
贵阳市,乌当区,32.136944,115.709743
邢台市,临西县,46.964156,129.538874
汕尾市,陆河县,26.382712,113.850536
宜春市,铜鼓县,24.67838,102.94685
德州市,乐陵市,30.925709,113.55644
盐城市,滨海县,35.051246,116.315125
营口市,盖州市,26.460846,111.972594
南宁市,隆安县,40.008136,112.421677
秦皇岛市,青龙满族自治县,26.631742,107.948239
聊城市,莘县,30.014778,117.91075
襄阳市,谷城县,30.184486,115.132267
泉州市,泉港区,19.693135,109.996736
保定市,清苑县,30.723706,115.014087
梅州市,丰顺县,36.723454,116.678254
兰州市,榆中县,45.770093,130.992503
淮北市,烈山区,27.716137,109.193705
株洲市,芦淞区,46.89491,130.517403
六安市,金寨县,37.083549,115.198173
汉中市,略阳县,39.895316,116.955076
宜昌市,猇亭区,46.989258,130.963018
呼伦贝尔市,额尔古纳市,33.371587,107.616093
怀化市,鹤城区,29.736284,109.003815
阿克苏地区,阿克苏市,37.360639,105.111278
乌兰察布市,卓资县,22.831614,110.610277
福州市,长乐市,35.925119,110.944128
自贡市,沿滩区,23.105172,113.813955
阜新市,细河区,30.664363,107.725428
鄂尔多斯市,达拉特旗,29.357201,110.488496
信阳市,固始县,25.505757,115.765151
玉溪市,澄江县,22.978947,113.612518
株洲市,炎陵县,24.683283,116.196142
伊春市,南岔区,36.834487,111.735504
孝感市,应城市,25.112806,110.371485
永州市,祁阳县,28.013633,109.518882
济宁市,金乡县,24.037273,97.811532
朔州市,右玉县,35.499572,114.078112
黄山市,黟县,36.501822,104.205649
黄石市,西塞山区,29.23119,103.980199
黔东南苗族侗族自治州,凯里市,46.116944,122.081534
澄迈县,澄迈县,27.150808,106.68198
黄冈市,团风县,35.213123,118.890079
德州市,齐河县,31.921948,105.503021
临沂市,莒南县,42.184131,119.268169
铜仁市,碧江区,41.857898,86.885379
七台河市,桃山区,34.79633,117.358507
佳木斯市,东风区,42.045285,81.901235
汉中市,洋县,29.493396,112.651009
邢台市,广宗县,47.743403,121.929202
廊坊市,大厂回族自治县,39.041872,115.5796
石家庄市,经济技术开发区,27.075427,107.046881
佳木斯市,桦川县,41.251411,125.998992
恩施土家族苗族自治州,咸丰县,40.13123,76.867154
玉林市,容县,41.143624,119.775534
中卫市,沙坡头区,34.556383,118.79231
临汾市,乡宁县,33.953602,108.113541
东莞市,石碣镇,32.909769,115.248461
重庆市,梁平县,41.152566,121.285575
张家界市,武陵源区,35.09315,117.484036
赣州市,会昌县,34.885484,118.659445
东莞市,洪梅镇,41.816566,127.19171
梅州市,蕉岭县,25.286018,114.9818
桂林市,雁山区,45.083893,128.31617
晋中市,灵石县,43.000462,123.946409
湘西土家族苗族自治州,凤凰县,23.305692,103.149155
德宏傣族景颇族自治州,瑞丽市,43.21416,124.355392
新乡市,卫辉市,34.989111,115.944989
白银市,白银区,48.115946,127.111546
乐山市,犍为县,40.101876,115.223925
兴安盟,乌兰浩特市,40.051891,113.226457
贵阳市,息烽县,32.079873,110.628795
广元市,剑阁县,30.872992,115.774302
赤峰市,元宝山区,34.507137,110.295546
阿克苏地区,拜城县,34.51416,119.162196
巴音郭楞蒙古自治州,博湖县,34.236601,113.855568
枣庄市,薛城区,30.263284,107.003334
岳阳市,华容县,29.29382,103.073366
呼伦贝尔市,扎兰屯市,42.016776,122.866418
保定市,徐水县,24.532198,109.802816
克孜勒苏柯尔克孜自治州,阿图什市,26.212273,118.778803
贵阳市,开阳县,29.496146,113.519749
通化市,集安市,31.287056,116.246675
连云港市,东海县,42.108025,117.547022
朝阳市,喀喇沁左翼蒙古族自治县,36.203933,116.422502
西安市,周至县,25.902025,115.072586
阜阳市,临泉县,39.785509,118.583777
锦州市,凌海市,27.104463,99.951634
枣庄市,山亭区,24.905101,115.665148
白山市,临江市,48.481453,125.076553
临沂市,临沭县,41.193475,121.952166
红河哈尼族彝族自治州,个旧市,44.559557,85.013934
哈尔滨市,尚志市,29.213116,91.83204
赣州市,信丰县,39.384663,118.085847
铁岭市,昌图县,27.464053,105.423558
四平市,铁西区,38.223059,115.740007
菏泽市,成武县,28.71309,112.805374
黑河市,北安市,42.118882,124.924317
张家口市,涿鹿县,25.238854,115.396613
大同市,南郊区,37.171378,117.828242
十堰市,房县,26.932749,102.000726
渭南市,潼关县,31.007076,106.428917
黄冈市,英山县,40.347984,115.634061
许昌市,长葛市,24.089877,110.137776
广安市,邻水县,31.304355,113.633387
连云港市,海州区,27.331194,102.191734
乐山市,金口河区,29.189938,118.33165
福州市,闽清县,37.05611,115.004819
柳州市,鹿寨县,30.827453,110.300617
沈阳市,新民市,46.775887,130.263969
岳阳市,临湘市,27.983319,105.936293
六安市,霍山县,37.9695,118.620012
承德市,围场满族蒙古族自治县,41.580404,115.636092
济南市,平阴县,34.720319,114.011222
山南地区,乃东县,33.425955,118.312551
赣州市,赣县,47.926105,134.296044
丽江市,玉龙纳西族自治县,28.099207,105.468592
赣州市,寻乌县,30.657491,105.716088
唐山市,滦县,29.12492,105.508267
齐齐哈尔市,讷河市,30.099637,108.30489
盘锦市,盘山县,37.787251,118.090098
唐山市,丰南区,28.050639,119.082297
伊犁哈萨克自治州,奎屯市,23.802833,115.64132
毕节市,七星关区,42.222765,123.914529
衡水市,饶阳县,27.42623,119.50552
岳阳市,湘阴县,34.9535,105.698041
抚顺市,清原满族自治县,45.475604,122.453677
赣州市,安远县,39.634162,113.710759
淄博市,高青县,41.943507,110.286189
攀枝花市,米易县,28.513847,117.645197
南充市,蓬安县,40.222312,113.823181
张家口市,怀来县,36.620347,114.494486
来宾市,金秀瑶族自治县,24.812052,113.175778
孝感市,安陆市,23.874041,117.132942
东营市,河口区,25.139783,109.51401
凉山彝族自治州,德昌县,35.640741,117.345264
衢州市,开化县,26.744021,114.909356
恩施土家族苗族自治州,巴东县,19.750947,110.780909
邢台市,平乡县,24.560065,107.019716
佳木斯市,郊区,26.567907,101.669702
泸州市,古蔺县,36.335046,119.155992
张家口市,沽源县,36.007875,103.225044
郑州市,中牟县,25.674049,118.258039
泉州市,德化县,32.982431,112.998527
宿迁市,泗洪县,22.251747,110.272113
佳木斯市,抚远县,37.520861,110.396144
泸州市,叙永县,25.772838,104.666913
遂宁市,蓬溪县,37.156618,116.430079
泸州市,泸县,28.940752,117.753259
雅安市,天全县,40.238508,118.371389
重庆市,石柱土家族自治县,24.852706,114.115404
滨州市,沾化县,38.14247,117.567264
丽水市,龙泉市,27.945164,118.524298
梅州市,五华县,29.871177,118.575156
铁岭市,铁岭县,22.739133,100.855253
宁德市,寿宁县,37.668477,116.200134
白城市,洮南市,30.754684,106.259759
天水市,秦安县,28.995243,111.747796
天水市,秦安县,28.995243,111.747796
天水市,秦安县,28.995243,111.747796
天水市,秦安县,28.995243,111.747796
天水市,秦安县,28.995243,111.747796
天水市,秦安县,28.995243,111.747796
天水市,秦安县,28.995243,111.747796
天水市,秦安县,28.995243,111.747796
天水市,秦安县,28.995243,111.747796
天水市,秦安县,28.995243,111.747796
天水市,秦安县,28.995243,111.747796
天水市,秦安县,28.995243,111.747796
天水市,秦安县,28.995243,111.747796
天水市,秦安县,28.995243,111.747796
天水市,秦安县,28.995243,111.747796
天水市,秦安县,28.995243,111.747796
天水市,秦安县,28.995243,111.747796
天水市,秦安县,28.995243,111.747796
天水市,秦安县,28.995243,111.747796
天水市,秦安县,28.995243,111.747796
天水市,秦安县,28.995243,111.747796
天水市,秦安县,28.995243,111.747796
天水市,秦安县,28.995243,111.747796
天水市,秦安县,28.995243,111.747796
天水市,秦安县,28.995243,111.747796
天水市,秦安县,28.995243,111.747796
天水市,秦安县,28.995243,111.747796
天水市,秦安县,28.995243,111.747796
天水市,秦安县,28.995243,111.747796
天水市,秦安县,28.995243,111.747796
天水市,秦安县,28.995243,111.747796
天水市,秦安县,28.995243,111.747796
天水市,秦安县,28.995243,111.747796
天水市,秦安县,28.995243,111.747796
天水市,秦安县,28.995243,111.747796
天水市,秦安县,28.995243,111.747796
天水市,秦安县,28.995243,111.747796
天水市,秦安县,28.995243,111.747796
天水市,秦安县,28.995243,111.747796
天水市,秦安县,28.995243,111.747796
天水市,秦安县,28.995243,111.747796
天水市,秦安县,28.995243,111.747796
天水市,秦安县,28.995243,111.747796
天水市,秦安县,28.995243,111.747796
天水市,秦安县,28.995243,111.747796
天水市,秦安县,28.995243,111.747796
天水市,秦安县,28.995243,111.747796
天水市,秦安县,28.995243,111.747796
天水市,秦安县,28.995243,111.747796
天水市,秦安县,28.995243,111.747796
天水市,秦安县,28.995243,111.747796
天水市,秦安县,28.995243,111.747796
天水市,秦安县,28.995243,111.747796
天水市,秦安县,28.995243,111.747796
天水市,秦安县,28.995243,111.747796
天水市,秦安县,28.995243,111.747796
天水市,秦安县,28.995243,111.747796
天水市,秦安县,28.995243,111.747796
天水市,秦安县,28.995243,111.747796
天水市,秦安县,28.995243,111.747796
天水市,秦安县,28.995243,111.747796
天水市,秦安县,28.995243,111.747796
天水市,秦安县,28.995243,111.747796
天水市,秦安县,28.995243,111.747796
天水市,秦安县,28.995243,111.747796
天水市,秦安县,28.995243,111.747796
天水市,秦安县,28.995243,111.747796
天水市,秦安县,28.995243,111.747796
天水市,秦安县,28.995243,111.747796
天水市,秦安县,28.995243,111.747796
天水市,秦安县,28.995243,111.747796
天水市,秦安县,28.995243,111.747796
天水市,秦安县,28.995243,111.747796
天水市,秦安县,28.995243,111.747796
天水市,秦安县,28.995243,111.747796
天水市,秦安县,28.995243,111.747796
天水市,秦安县,28.995243,111.747796
天水市,秦安县,28.995243,111.747796
天水市,秦安县,28.995243,111.747796
天水市,秦安县,28.995243,111.747796
天水市,秦安县,28.995243,111.747796
天水市,秦安县,28.995243,111.747796
天水市,秦安县,28.995243,111.747796
天水市,秦安县,28.995243,111.747796
天水市,秦安县,28.995243,111.747796
天水市,秦安县,28.995243,111.747796
天水市,秦安县,28.995243,111.747796
天水市,秦安县,28.995243,111.747796
天水市,秦安县,28.995243,111.747796
天水市,秦安县,28.995243,111.747796
天水市,秦安县,28.995243,111.747796
天水市,秦安县,28.995243,111.747796
天水市,秦安县,28.995243,111.747796
天水市,秦安县,28.995243,111.747796
天水市,秦安县,28.995243,111.747796
天水市,秦安县,28.995243,111.747796
天水市,秦安县,28.995243,111.747796
天水市,秦安县,28.995243,111.747796
天水市,秦安县,28.995243,111.747796
天水市,秦安县,28.995243,111.747796
天水市,秦安县,28.995243,111.747796
天水市,秦安县,28.995243,111.747796
天水市,秦安县,28.995243,111.747796
天水市,秦安县,28.995243,111.747796
天水市,秦安县,28.995243,111.747796
天水市,秦安县,28.995243,111.747796
天水市,秦安县,28.995243,111.747796
天水市,秦安县,28.995243,111.747796
天水市,秦安县,28.995243,111.747796
天水市,秦安县,28.995243,111.747796
天水市,秦安县,28.995243,111.747796
天水市,秦安县,28.995243,111.747796
天水市,秦安县,28.995243,111.747796
天水市,秦安县,28.995243,111.747796
天水市,秦安县,28.995243,111.747796
天水市,秦安县,28.995243,111.747796
天水市,秦安县,28.995243,111.747796
天水市,秦安县,28.995243,111.747796
天水市,秦安县,28.995243,111.747796
天水市,秦安县,28.995243,111.747796
天水市,秦安县,28.995243,111.747796
天水市,秦安县,28.995243,111.747796
天水市,秦安县,28.995243,111.747796
天水市,秦安县,28.995243,111.747796
天水市,秦安县,28.995243,111.747796
天水市,秦安县,28.995243,111.747796
天水市,秦安县,28.995243,111.747796
天水市,秦安县,28.995243,111.747796
天水市,秦安县,28.995243,111.747796
天水市,秦安县,28.995243,111.747796
天水市,秦安县,28.995243,111.747796
天水市,秦安县,28.995243,111.747796
天水市,秦安县,28.995243,111.747796
天水市,秦安县,28.995243,111.747796
天水市,秦安县,28.995243,111.747796
天水市,秦安县,28.995243,111.747796
天水市,秦安县,28.995243,111.747796
天水市,秦安县,28.995243,111.747796
天水市,秦安县,28.995243,111.747796
天水市,秦安县,28.995243,111.747796
天水市,秦安县,28.995243,111.747796
天水市,秦安县,28.995243,111.747796
天水市,秦安县,28.995243,111.747796
天水市,秦安县,28.995243,111.747796
天水市,秦安县,28.995243,111.747796
天水市,秦安县,28.995243,111.747796
天水市,秦安县,28.995243,111.747796
天水市,秦安县,28.995243,111.747796
天水市,秦安县,28.995243,111.747796
天水市,秦安县,28.995243,111.747796
天水市,秦安县,28.995243,111.747796
天水市,秦安县,28.995243,111.747796
天水市,秦安县,28.995243,111.747796
天水市,秦安县,28.995243,111.747796
天水市,秦安县,28.995243,111.747796
天水市,秦安县,28.995243,111.747796
天水市,秦安县,28.995243,111.747796
天水市,秦安县,28.995243,111.747796
天水市,秦安县,28.995243,111.747796
天水市,秦安县,28.995243,111.747796
天水市,秦安县,28.995243,111.747796
天水市,秦安县,28.995243,111.747796
天水市,秦安县,28.995243,111.747796
天水市,秦安县,28.995243,111.747796
天水市,秦安县,28.995243,111.747796
天水市,秦安县,28.995243,111.747796
天水市,秦安县,28.995243,111.747796
天水市,秦安县,28.995243,111.747796
天水市,秦安县,28.995243,111.747796
天水市,秦安县,28.995243,111.747796
天水市,秦安县,28.995243,111.747796
天水市,秦安县,28.995243,111.747796
天水市,秦安县,28.995243,111.747796
天水市,秦安县,28.995243,111.747796
天水市,秦安县,28.995243,111.747796
天水市,秦安县,28.995243,111.747796
天水市,秦安县,28.995243,111.747796
天水市,秦安县,28.995243,111.747796
天水市,秦安县,28.995243,111.747796
天水市,秦安县,28.995243,111.747796
天水市,秦安县,28.995243,111.747796
天水市,秦安县,28.995243,111.747796
天水市,秦安县,28.995243,111.747796
天水市,秦安县,28.995243,111.747796
天水市,秦安县,28.995243,111.747796
天水市,秦安县,28.995243,111.747796
天水市,秦安县,28.995243,111.747796
天水市,秦安县,28.995243,111.747796
天水市,秦安县,28.995243,111.747796
天水市,秦安县,28.995243,111.747796
天水市,秦安县,28.995243,111.747796
天水市,秦安县,28.995243,111.747796
天水市,秦安县,28.995243,111.747796
天水市,秦安县,28.995243,111.747796
天水市,秦安县,28.995243,111.747796
天水市,秦安县,28.995243,111.747796
天水市,秦安县,28.995243,111.747796
天水市,秦安县,28.995243,111.747796
天水市,秦安县,28.995243,111.747796
天水市,秦安县,28.995243,111.747796
天水市,秦安县,28.995243,111.747796
天水市,秦安县,28.995243,111.747796
天水市,秦安县,28.995243,111.747796
天水市,秦安县,28.995243,111.747796
天水市,秦安县,28.995243,111.747796
天水市,秦安县,28.995243,111.747796
天水市,秦安县,28.995243,111.747796
天水市,秦安县,28.995243,111.747796
天水市,秦安县,28.995243,111.747796
天水市,秦安县,28.995243,111.747796
天水市,秦安县,28.995243,111.747796
天水市,秦安县,28.995243,111.747796
天水市,秦安县,28.995243,111.747796
天水市,秦安县,28.995243,111.747796
天水市,秦安县,28.995243,111.747796
天水市,秦安县,28.995243,111.747796
天水市,秦安县,28.995243,111.747796
天水市,秦安县,28.995243,111.747796
天水市,秦安县,28.995243,111.747796
天水市,秦安县,28.995243,111.747796
天水市,秦安县,28.995243,111.747796
天水市,秦安县,28.995243,111.747796
天水市,秦安县,28.995243,111.747796
天水市,秦安县,28.995243,111.747796
天水市,秦安县,28.995243,111.747796
天水市,秦安县,28.995243,111.747796
天水市,秦安县,28.995243,111.747796
天水市,秦安县,28.995243,111.747796
天水市,秦安县,28.995243,111.747796
天水市,秦安县,28.995243,111.747796
天水市,秦安县,28.995243,111.747796
天水市,秦安县,28.995243,111.747796
天水市,秦安县,28.995243,111.747796
天水市,秦安县,28.995243,111.747796
天水市,秦安县,28.995243,111.747796
天水市,秦安县,28.995243,111.747796
天水市,秦安县,28.995243,111.747796
天水市,秦安县,28.995243,111.747796
天水市,秦安县,28.995243,111.747796
天水市,秦安县,28.995243,111.747796
天水市,秦安县,28.995243,111.747796
天水市,秦安县,28.995243,111.747796
天水市,秦安县,28.995243,111.747796
天水市,秦安县,28.995243,111.747796
天水市,秦安县,28.995243,111.747796
天水市,秦安县,28.995243,111.747796
天水市,秦安县,28.995243,111.747796
天水市,秦安县,28.995243,111.747796
天水市,秦安县,28.995243,111.747796
天水市,秦安县,28.995243,111.747796
天水市,秦安县,28.995243,111.747796
天水市,秦安县,28.995243,111.747796
天水市,秦安县,28.995243,111.747796
天水市,秦安县,28.995243,111.747796
天水市,秦安县,28.995243,111.747796
天水市,秦安县,28.995243,111.747796
天水市,秦安县,28.995243,111.747796
天水市,秦安县,28.995243,111.747796
天水市,秦安县,28.995243,111.747796
天水市,秦安县,28.995243,111.747796
天水市,秦安县,28.995243,111.747796
天水市,秦安县,28.995243,111.747796
天水市,秦安县,28.995243,111.747796
天水市,秦安县,28.995243,111.747796
天水市,秦安县,28.995243,111.747796
天水市,秦安县,28.995243,111.747796
天水市,秦安县,28.995243,111.747796
天水市,秦安县,28.995243,111.747796
天水市,秦安县,28.995243,111.747796
天水市,秦安县,28.995243,111.747796
天水市,秦安县,28.995243,111.747796
天水市,秦安县,28.995243,111.747796
天水市,秦安县,28.995243,111.747796
天水市,秦安县,28.995243,111.747796
天水市,秦安县,28.995243,111.747796
天水市,秦安县,28.995243,111.747796
天水市,秦安县,28.995243,111.747796
天水市,秦安县,28.995243,111.747796
天水市,秦安县,28.995243,111.747796
天水市,秦安县,28.995243,111.747796
天水市,秦安县,28.995243,111.747796
天水市,秦安县,28.995243,111.747796
天水市,秦安县,28.995243,111.747796
天水市,秦安县,28.995243,111.747796
天水市,秦安县,28.995243,111.747796
天水市,秦安县,28.995243,111.747796
天水市,秦安县,28.995243,111.747796
天水市,秦安县,28.995243,111.747796
天水市,秦安县,28.995243,111.747796
天水市,秦安县,28.995243,111.747796
天水市,秦安县,28.995243,111.747796
天水市,秦安县,28.995243,111.747796
天水市,秦安县,28.995243,111.747796
天水市,秦安县,28.995243,111.747796
天水市,秦安县,28.995243,111.747796
天水市,秦安县,28.995243,111.747796
天水市,秦安县,28.995243,111.747796
天水市,秦安县,28.995243,111.747796
天水市,秦安县,28.995243,111.747796
天水市,秦安县,28.995243,111.747796
天水市,秦安县,28.995243,111.747796
天水市,秦安县,28.995243,111.747796
天水市,秦安县,28.995243,111.747796
天水市,秦安县,28.995243,111.747796
天水市,秦安县,28.995243,111.747796
天水市,秦安县,28.995243,111.747796
天水市,秦安县,28.995243,111.747796
天水市,秦安县,28.995243,111.747796
天水市,秦安县,28.995243,111.747796
天水市,秦安县,28.995243,111.747796
天水市,秦安县,28.995243,111.747796
天水市,秦安县,28.995243,111.747796
天水市,秦安县,28.995243,111.747796
天水市,秦安县,28.995243,111.747796
天水市,秦安县,28.995243,111.747796
天水市,秦安县,28.995243,111.747796
天水市,秦安县,28.995243,111.747796
天水市,秦安县,28.995243,111.747796
天水市,秦安县,28.995243,111.747796
天水市,秦安县,28.995243,111.747796
天水市,秦安县,28.995243,111.747796
天水市,秦安县,28.995243,111.747796
天水市,秦安县,28.995243,111.747796
天水市,秦安县,28.995243,111.747796
天水市,秦安县,28.995243,111.747796
天水市,秦安县,28.995243,111.747796
天水市,秦安县,28.995243,111.747796
天水市,秦安县,28.995243,111.747796
天水市,秦安县,28.995243,111.747796
天水市,秦安县,28.995243,111.747796
天水市,秦安县,28.995243,111.747796
天水市,秦安县,28.995243,111.747796
天水市,秦安县,28.995243,111.747796
天水市,秦安县,28.995243,111.747796
天水市,秦安县,28.995243,111.747796
天水市,秦安县,28.995243,111.747796
天水市,秦安县,28.995243,111.747796
天水市,秦安县,28.995243,111.747796
天水市,秦安县,28.995243,111.747796
天水市,秦安县,28.995243,111.747796
天水市,秦安县,28.995243,111.747796
天水市,秦安县,28.995243,111.747796
天水市,秦安县,28.995243,111.747796
天水市,秦安县,28.995243,111.747796
天水市,秦安县,28.995243,111.747796
天水市,秦安县,28.995243,111.747796
天水市,秦安县,28.995243,111.747796
天水市,秦安县,28.995243,111.747796
天水市,秦安县,28.995243,111.747796
天水市,秦安县,28.995243,111.747796
